{
  "name": "iConsole",
  "version": "1.5.3",
  "summary": "In-app console for viewing logs and typing debug commands in iPhone apps.",
  "homepage": "http://www.charcoaldesign.co.uk/source/cocoa#iconsole",
  "license": {
    "type": "MIT",
    "file": "LICENSE.md"
  },
  "authors": {
    "Nick Lockwood": "support@charcoaldesign.co.uk"
  },
  "source": {
    "git": "https://github.com/nicklockwood/iConsole.git",
    "tag": "1.5.3"
  },
  "platforms": {
    "ios": null
  },
  "source_files": [
    "iConsole/iConsole.{h,m}",
    "GTM/GTMStackTrace.{h,m}"
  ],
  "requires_arc": true
}