<?xml version="1.0"?>
<RBProject version="2007r5">
<block type="Module" ID="827486233">
 <ObjName>iListSelectionNotificationReceiver</ObjName>
 <ObjContainerID>0</ObjContainerID>
 <IsClass>1</IsClass>
 <ItemFlags>1</ItemFlags>
 <IsInterface>1</IsInterface>
 <Compatibility></Compatibility>
 <Method>
  <ItemName>selectionChanging</ItemName>
  <Compatibility></Compatibility>
  <Visible>1</Visible>
  <ItemSource>
   <TextEncoding>134217984</TextEncoding>
   <SourceLine>Sub selectionChanging()</SourceLine>
   <SourceLine></SourceLine>
   <SourceLine>End Sub</SourceLine>
  </ItemSource>
  <TextEncoding>134217984</TextEncoding>
  <AliasName></AliasName>
  <ItemFlags>0</ItemFlags>
  <IsShared>0</IsShared>
  <ItemParams></ItemParams>
  <ItemResult></ItemResult>
 </Method>
 <Method>
  <ItemName>selectionChanged</ItemName>
  <Compatibility></Compatibility>
  <Visible>1</Visible>
  <ItemSource>
   <TextEncoding>134217984</TextEncoding>
   <SourceLine>Sub selectionChanged()</SourceLine>
   <SourceLine></SourceLine>
   <SourceLine>End Sub</SourceLine>
  </ItemSource>
  <TextEncoding>134217984</TextEncoding>
  <AliasName></AliasName>
  <ItemFlags>0</ItemFlags>
  <IsShared>0</IsShared>
  <ItemParams></ItemParams>
  <ItemResult></ItemResult>
 </Method>
 <ViewBehavior>
  <ViewProperty>
   <ObjName>Name</ObjName>
   <Visible>1</Visible>
   <PropertyGroup>ID</PropertyGroup>
   <InheritsFrom>Object</InheritsFrom>
  </ViewProperty>
  <ViewProperty>
   <ObjName>Index</ObjName>
   <Visible>1</Visible>
   <PropertyGroup>ID</PropertyGroup>
   <PropertyValue>-2147483648</PropertyValue>
   <InheritsFrom>Object</InheritsFrom>
  </ViewProperty>
  <ViewProperty>
   <ObjName>Super</ObjName>
   <Visible>1</Visible>
   <PropertyGroup>ID</PropertyGroup>
   <InheritsFrom>Object</InheritsFrom>
  </ViewProperty>
  <ViewProperty>
   <ObjName>Left</ObjName>
   <Visible>1</Visible>
   <PropertyGroup>Position</PropertyGroup>
   <PropertyValue>0</PropertyValue>
   <InheritsFrom>Object</InheritsFrom>
  </ViewProperty>
  <ViewProperty>
   <ObjName>Top</ObjName>
   <Visible>1</Visible>
   <PropertyGroup>Position</PropertyGroup>
   <PropertyValue>0</PropertyValue>
   <InheritsFrom>Object</InheritsFrom>
  </ViewProperty>
 </ViewBehavior>
</block>
</RBProject>
