{
  "name": "AsyncImageView",
  "version": "1.6",
  "summary": "AsyncImageView is an extension of UIImageView for loading and displaying images asynchronously on iOS so that they do not lock up the UI.",
  "description": "AsyncImageView includes both a simple category on UIImageView for loading and displaying images asynchronously on iOS so that they do not lock up the UI, and a UIImageView subclass for more advanced features. AsyncImageView works with URLs so it can be used with either local or remote files.\n\n  Loaded/downloaded images are cached in memory and are automatically cleaned up in the event of a memory warning. The AsyncImageView operates independently of the UIImage cache, but by default any images located in the root of the application bundle will be stored in the UIImage cache instead, avoiding any duplication of cached images.\n\n  The library can also be used to load and cache images independently of a UIImageView as it provides direct access to the underlying loading and caching classes.",
  "homepage": "http://charcoaldesign.co.uk/source/cocoa#asyncimageview",
  "license": {
    "type": "zlib",
    "file": "LICENCE.md"
  },
  "authors": {
    "Nick Lockwood": "support@charcoaldesign.co.uk"
  },
  "source": {
    "git": "https://github.com/nicklockwood/AsyncImageView.git",
    "tag": "1.6"
  },
  "platforms": {
    "ios": "7.0",
    "tvos": "9.0"
  },
  "source_files": "AsyncImageView",
  "requires_arc": true
}
