{
  "name": "RequestQueue",
  "version": "1.5.4",
  "license": "zlib",
  "summary": "RequestQueue is a simple class for managing multiple concurrent asynchronous URL requests in your applications.",
  "homepage": "https://github.com/nicklockwood/RequestQueue.git",
  "authors": {
    "nicklockwood": "support@charcoaldesign.co.uk"
  },
  "source": {
    "git": "https://github.com/nicklockwood/RequestQueue.git",
    "tag": "1.5.4"
  },
  "source_files": "RequestQueue",
  "requires_arc": true,
  "platforms": {
    "ios": "4.3",
    "osx": "10.6"
  }
}