{
  "name": "iCarousel",
  "version": "1.8.2",
  "license": {
    "type": "zlib",
    "file": "LICENCE.md"
  },
  "summary": "A class designed to simplify the implementation of various types of carousel.",
  "homepage": "https://github.com/nicklockwood/iCarousel",
  "authors": {
    "Nick Lockwood": "support@charcoaldesign.co.uk"
  },
  "source": {
    "git": "https://github.com/nicklockwood/iCarousel.git",
    "tag": "1.8.2"
  },
  "source_files": "iCarousel/iCarousel.{h,m}",
  "requires_arc": true,
  "frameworks": "QuartzCore",
  "platforms": {
    "ios": "4.3",
    "osx": "10.6"
  }
}