<?xml version="1.0"?>
<RBProject version="2007r1">
<block type="Module" ID="1219651470">
 <ObjName>App</ObjName>
 <ObjContainerID>0</ObjContainerID>
 <IsClass>1</IsClass>
 <Superclass>Application</Superclass>
 <IsInterface>0</IsInterface>
 <IsApplicationObject>1</IsApplicationObject>
 <Compatibility></Compatibility>
 <PropertyVal Name="MenuBar">1719917646</PropertyVal>
 <ViewBehavior>
 </ViewBehavior>
 <Constant>
  <TextEncoding>134217984</TextEncoding>
  <ItemName>kFileQuitShortcut</ItemName>
  <ItemType>0</ItemType>
  <ItemDef></ItemDef>
  <ItemFlags>0</ItemFlags>
  <ConstantInstance>
   <ItemPlatform>1</ItemPlatform>
   <ItemLanguage>0</ItemLanguage>
   <ItemDef>Cmd+Q</ItemDef>
  </ConstantInstance>
  <ConstantInstance>
   <ItemPlatform>5</ItemPlatform>
   <ItemLanguage>0</ItemLanguage>
   <ItemDef>Ctrl+Q</ItemDef>
  </ConstantInstance>
 </Constant>
 <Constant>
  <TextEncoding>134217984</TextEncoding>
  <ItemName>kFileQuit</ItemName>
  <ItemType>0</ItemType>
  <ItemDef>&amp;Quit</ItemDef>
  <ItemFlags>0</ItemFlags>
  <ConstantInstance>
   <ItemPlatform>2</ItemPlatform>
   <ItemLanguage>0</ItemLanguage>
   <ItemDef>E&amp;xit</ItemDef>
  </ConstantInstance>
 </Constant>
 <Constant>
  <TextEncoding>134217984</TextEncoding>
  <ItemName>kEditClear</ItemName>
  <ItemType>0</ItemType>
  <ItemDef>&amp;Delete</ItemDef>
  <ItemFlags>0</ItemFlags>
  <ConstantInstance>
   <ItemPlatform>2</ItemPlatform>
   <ItemLanguage>0</ItemLanguage>
   <ItemDef>&amp;Delete</ItemDef>
  </ConstantInstance>
  <ConstantInstance>
   <ItemPlatform>5</ItemPlatform>
   <ItemLanguage>0</ItemLanguage>
   <ItemDef>&amp;Delete</ItemDef>
  </ConstantInstance>
 </Constant>
</block>
</RBProject>
