<?xml version="1.0"?>
<RBProject version="2007r5">
<block type="Module" ID="1526004508">
 <ObjName>Class1</ObjName>
 <ObjContainerID>0</ObjContainerID>
 <IsClass>1</IsClass>
 <Interfaces>actionNotificationReceiver, actionSource, bindingInterface</Interfaces>
 <ItemFlags>1</ItemFlags>
 <IsInterface>0</IsInterface>
 <Compatibility></Compatibility>
 <MenuHandler>
  <ItemName>Untitled</ItemName>
  <Compatibility></Compatibility>
  <Visible>1</Visible>
  <ItemSource>
   <TextEncoding>134217984</TextEncoding>
   <SourceLine>Function Untitled() As Boolean</SourceLine>
   <SourceLine></SourceLine>
   <SourceLine>End Function</SourceLine>
  </ItemSource>
 </MenuHandler>
 <Method>
  <ItemName>Untitled1</ItemName>
  <Compatibility></Compatibility>
  <Visible>1</Visible>
  <ItemSource>
   <TextEncoding>134217984</TextEncoding>
   <SourceLine>Sub Untitled1()</SourceLine>
   <SourceLine></SourceLine>
   <SourceLine>End Sub</SourceLine>
  </ItemSource>
  <TextEncoding>134217984</TextEncoding>
  <AliasName></AliasName>
  <ItemFlags>0</ItemFlags>
  <Shared>0</Shared>
  <ItemParams></ItemParams>
  <ItemResult></ItemResult>
 </Method>
 <Method>
  <ItemName>Untitled4</ItemName>
  <Compatibility></Compatibility>
  <Visible>1</Visible>
  <ItemSource>
   <TextEncoding>134217984</TextEncoding>
   <SourceLine> Shared Sub Untitled4()</SourceLine>
   <SourceLine></SourceLine>
   <SourceLine>End Sub</SourceLine>
  </ItemSource>
  <TextEncoding>134217984</TextEncoding>
  <AliasName></AliasName>
  <ItemFlags>0</ItemFlags>
  <Shared>1</Shared>
  <ItemParams></ItemParams>
  <ItemResult></ItemResult>
 </Method>
 <Method>
  <ItemName>PerformAction</ItemName>
  <Compatibility>true</Compatibility>
  <Visible>1</Visible>
  <ItemSource>
   <TextEncoding>134217984</TextEncoding>
   <SourceLine>Sub PerformAction()</SourceLine>
   <SourceLine>// Part of the actionNotificationReceiver interface.</SourceLine>
   <SourceLine></SourceLine>
   <SourceLine></SourceLine>
   <SourceLine>End Sub</SourceLine>
  </ItemSource>
  <TextEncoding>134217984</TextEncoding>
  <AliasName></AliasName>
  <ItemFlags>0</ItemFlags>
  <Shared>0</Shared>
  <ItemParams></ItemParams>
  <ItemResult></ItemResult>
 </Method>
 <Method>
  <ItemName>addActionNotificationReceiver</ItemName>
  <Compatibility>true</Compatibility>
  <Visible>1</Visible>
  <ItemSource>
   <TextEncoding>134217984</TextEncoding>
   <SourceLine>Sub addActionNotificationReceiver(receiver As actionNotificationReceiver)</SourceLine>
   <SourceLine>// Part of the actionSource interface.</SourceLine>
   <SourceLine></SourceLine>
   <SourceLine></SourceLine>
   <SourceLine>End Sub</SourceLine>
  </ItemSource>
  <TextEncoding>134217984</TextEncoding>
  <AliasName></AliasName>
  <ItemFlags>0</ItemFlags>
  <Shared>0</Shared>
  <ItemParams>receiver As actionNotificationReceiver</ItemParams>
  <ItemResult></ItemResult>
 </Method>
 <Method>
  <ItemName>removeActionNotificationReceiver</ItemName>
  <Compatibility>true</Compatibility>
  <Visible>1</Visible>
  <ItemSource>
   <TextEncoding>134217984</TextEncoding>
   <SourceLine>Sub removeActionNotificationReceiver(receiver As actionNotificationReceiver)</SourceLine>
   <SourceLine>// Part of the actionSource interface.</SourceLine>
   <SourceLine></SourceLine>
   <SourceLine></SourceLine>
   <SourceLine>End Sub</SourceLine>
  </ItemSource>
  <TextEncoding>134217984</TextEncoding>
  <AliasName></AliasName>
  <ItemFlags>0</ItemFlags>
  <Shared>0</Shared>
  <ItemParams>receiver As actionNotificationReceiver</ItemParams>
  <ItemResult></ItemResult>
 </Method>
 <Method>
  <ItemName>bind</ItemName>
  <Compatibility>TargetHasGUI</Compatibility>
  <Visible>1</Visible>
  <ItemSource>
   <TextEncoding>134217984</TextEncoding>
   <SourceLine>Sub bind(source As Object, dest As Object)</SourceLine>
   <SourceLine>// Part of the bindingInterface interface.</SourceLine>
   <SourceLine></SourceLine>
   <SourceLine></SourceLine>
   <SourceLine>End Sub</SourceLine>
  </ItemSource>
  <TextEncoding>134217984</TextEncoding>
  <AliasName></AliasName>
  <ItemFlags>0</ItemFlags>
  <Shared>0</Shared>
  <ItemParams>source As Object, dest As Object</ItemParams>
  <ItemResult></ItemResult>
 </Method>
 <Hook>
  <ItemName>Untitled1</ItemName>
  <TextEncoding>134217984</TextEncoding>
  <ItemFlags>33</ItemFlags>
  <SystemFlags>0</SystemFlags>
  <ItemParams></ItemParams>
  <ItemResult></ItemResult>
 </Hook>
 <Note>
  <ItemName>Untitled1</ItemName>
  <Compatibility></Compatibility>
  <Visible>1</Visible>
  <ItemSource>
   <TextEncoding>134217984</TextEncoding>
   <NoteLine>Untitled1</NoteLine>
   <NoteLine></NoteLine>
   <NoteLine></NoteLine>
  </ItemSource>
  <ItemFlags>0</ItemFlags>
 </Note>
 <Property Flags="0" Compatibility="">Untitled2 As Integer</Property>
 <ComputedProperty Flags="0" Compatibility="">
 <Declaration>Untitled3 As Integer</Declaration>
  <GetAccessor>
  <TextEncoding>134217984</TextEncoding>
  <SourceLine>Get</SourceLine>
  <SourceLine></SourceLine>
  <SourceLine>End Get</SourceLine>
 </GetAccessor>

  <SetAccessor>
  <TextEncoding>134217984</TextEncoding>
  <SourceLine>Set</SourceLine>
  <SourceLine></SourceLine>
  <SourceLine>End Set</SourceLine>
 </SetAccessor>

 </ComputedProperty>
 <Property Flags="0" Compatibility="" Shared="true">Untitled5 As Integer</Property>
 <ComputedProperty Flags="0" Compatibility="" Shared="true">
 <Declaration>Untitled6 As Integer</Declaration>
  <GetAccessor>
  <TextEncoding>134217984</TextEncoding>
  <SourceLine>Get</SourceLine>
  <SourceLine></SourceLine>
  <SourceLine>End Get</SourceLine>
 </GetAccessor>

  <SetAccessor>
  <TextEncoding>134217984</TextEncoding>
  <SourceLine>Set</SourceLine>
  <SourceLine></SourceLine>
  <SourceLine>End Set</SourceLine>
 </SetAccessor>

 </ComputedProperty>
 <ViewBehavior>
  <ViewProperty>
   <ObjName>Name</ObjName>
   <Visible>1</Visible>
   <PropertyGroup>ID</PropertyGroup>
   <InheritsFrom>Object</InheritsFrom>
  </ViewProperty>
  <ViewProperty>
   <ObjName>Index</ObjName>
   <Visible>1</Visible>
   <PropertyGroup>ID</PropertyGroup>
   <PropertyValue>-2147483648</PropertyValue>
   <InheritsFrom>Object</InheritsFrom>
  </ViewProperty>
  <ViewProperty>
   <ObjName>Super</ObjName>
   <Visible>1</Visible>
   <PropertyGroup>ID</PropertyGroup>
   <InheritsFrom>Object</InheritsFrom>
  </ViewProperty>
  <ViewProperty>
   <ObjName>Left</ObjName>
   <Visible>1</Visible>
   <PropertyGroup>Position</PropertyGroup>
   <PropertyValue>0</PropertyValue>
   <InheritsFrom>Object</InheritsFrom>
  </ViewProperty>
  <ViewProperty>
   <ObjName>Top</ObjName>
   <Visible>1</Visible>
   <PropertyGroup>Position</PropertyGroup>
   <PropertyValue>0</PropertyValue>
   <InheritsFrom>Object</InheritsFrom>
  </ViewProperty>
  <ViewProperty>
   <ObjName>Untitled2</ObjName>
   <PropertyGroup>Behavior</PropertyGroup>
   <PropertyValue>0</PropertyValue>
   <ItemType>Integer</ItemType>
  </ViewProperty>
  <ViewProperty>
   <ObjName>Untitled3</ObjName>
   <PropertyGroup>Behavior</PropertyGroup>
   <PropertyValue>0</PropertyValue>
   <ItemType>Integer</ItemType>
  </ViewProperty>
 </ViewBehavior>
 <Constant>
  <TextEncoding>134217984</TextEncoding>
  <ItemName>Untitled</ItemName>
  <ItemType>5</ItemType>
  <ItemDef></ItemDef>
  <ItemFlags>0</ItemFlags>
 </Constant>
</block>
</RBProject>
