<?xml version="1.0"?>
<RBProject version="2008r3.1">
<block type="Module" ID="232706896">
 <ObjName>Class1</ObjName>
 <ObjContainerID>0</ObjContainerID>
 <IsClass>1</IsClass>
 <ItemFlags>1</ItemFlags>
 <IsInterface>0</IsInterface>
 <Compatibility></Compatibility>
 <Hook>
  <ItemName>Untitled</ItemName>
  <TextEncoding>134217984</TextEncoding>
  <ItemFlags>33</ItemFlags>
  <SystemFlags>0</SystemFlags>
  <ItemParams>a as string, b as integer</ItemParams>
  <ItemResult>string</ItemResult>
 </Hook>
 <ViewBehavior>
  <ViewProperty>
   <ObjName>Name</ObjName>
   <Visible>1</Visible>
   <PropertyGroup>ID</PropertyGroup>
   <InheritsFrom>Object</InheritsFrom>
  </ViewProperty>
  <ViewProperty>
   <ObjName>Index</ObjName>
   <Visible>1</Visible>
   <PropertyGroup>ID</PropertyGroup>
   <PropertyValue>2147483648</PropertyValue>
   <InheritsFrom>Object</InheritsFrom>
  </ViewProperty>
  <ViewProperty>
   <ObjName>Super</ObjName>
   <Visible>1</Visible>
   <PropertyGroup>ID</PropertyGroup>
   <InheritsFrom>Object</InheritsFrom>
  </ViewProperty>
  <ViewProperty>
   <ObjName>Left</ObjName>
   <Visible>1</Visible>
   <PropertyGroup>Position</PropertyGroup>
   <PropertyValue>0</PropertyValue>
   <InheritsFrom>Object</InheritsFrom>
  </ViewProperty>
  <ViewProperty>
   <ObjName>Top</ObjName>
   <Visible>1</Visible>
   <PropertyGroup>Position</PropertyGroup>
   <PropertyValue>0</PropertyValue>
   <InheritsFrom>Object</InheritsFrom>
  </ViewProperty>
 </ViewBehavior>
</block>
</RBProject>
