<?xml version="1.0"?>
<RBProject version="2007r1">
<block type="Window" ID="1490393340">
 <ObjName>ContainerControl1</ObjName>
 <ObjContainerID>0</ObjContainerID>
 <IsClass>1</IsClass>
 <Superclass>ContainerControl</Superclass>
 <IsInterface>0</IsInterface>
 <Compatibility></Compatibility>
 <PropertyVal Name="EraseBackground">True</PropertyVal>
 <PropertyVal Name="AcceptTabs"></PropertyVal>
 <PropertyVal Name="AcceptFocus"></PropertyVal>
 <PropertyVal Name="UseFocusRing"></PropertyVal>
 <PropertyVal Name="HelpTag"></PropertyVal>
 <PropertyVal Name="AutoDeactivate">True</PropertyVal>
 <PropertyVal Name="Enabled">True</PropertyVal>
 <PropertyVal Name="Visible">True</PropertyVal>
 <PropertyVal Name="TabPanelIndex">0</PropertyVal>
 <PropertyVal Name="LockBottom"></PropertyVal>
 <PropertyVal Name="LockRight"></PropertyVal>
 <PropertyVal Name="LockTop"></PropertyVal>
 <PropertyVal Name="LockLeft"></PropertyVal>
 <PropertyVal Name="Height">300</PropertyVal>
 <PropertyVal Name="Width">300</PropertyVal>
 <PropertyVal Name="Top">0</PropertyVal>
 <PropertyVal Name="Left">0</PropertyVal>
 <PropertyVal Name="InitialParent"></PropertyVal>
 <PropertyVal Name="ControlOrder"></PropertyVal>
 <ViewBehavior>
  <ViewProperty>
   <ObjName>Name</ObjName>
   <Visible>1</Visible>
   <PropertyGroup>ID</PropertyGroup>
   <InheritsFrom>ContainerControl</InheritsFrom>
  </ViewProperty>
  <ViewProperty>
   <ObjName>Super</ObjName>
   <Visible>1</Visible>
   <PropertyGroup>ID</PropertyGroup>
   <InheritsFrom>ContainerControl</InheritsFrom>
  </ViewProperty>
  <ViewProperty>
   <ObjName>ControlOrder</ObjName>
   <Visible>1</Visible>
   <PropertyGroup>Position</PropertyGroup>
   <InheritsFrom>ContainerControl</InheritsFrom>
  </ViewProperty>
  <ViewProperty>
   <ObjName>InitialParent</ObjName>
   <PropertyGroup>Position</PropertyGroup>
   <ItemType>String</ItemType>
   <InheritsFrom>ContainerControl</InheritsFrom>
  </ViewProperty>
  <ViewProperty>
   <ObjName>Left</ObjName>
   <Visible>1</Visible>
   <PropertyGroup>Position</PropertyGroup>
   <ItemType>Integer</ItemType>
   <InheritsFrom>ContainerControl</InheritsFrom>
  </ViewProperty>
  <ViewProperty>
   <ObjName>Top</ObjName>
   <Visible>1</Visible>
   <PropertyGroup>Position</PropertyGroup>
   <ItemType>Integer</ItemType>
   <InheritsFrom>ContainerControl</InheritsFrom>
  </ViewProperty>
  <ViewProperty>
   <ObjName>Width</ObjName>
   <Visible>1</Visible>
   <PropertyGroup>Position</PropertyGroup>
   <PropertyValue>300</PropertyValue>
   <ItemType>Integer</ItemType>
   <InheritsFrom>ContainerControl</InheritsFrom>
  </ViewProperty>
  <ViewProperty>
   <ObjName>Height</ObjName>
   <Visible>1</Visible>
   <PropertyGroup>Position</PropertyGroup>
   <PropertyValue>300</PropertyValue>
   <ItemType>Integer</ItemType>
   <InheritsFrom>ContainerControl</InheritsFrom>
  </ViewProperty>
  <ViewProperty>
   <ObjName>LockLeft</ObjName>
   <Visible>1</Visible>
   <PropertyGroup>Position</PropertyGroup>
   <ItemType>Boolean</ItemType>
   <InheritsFrom>ContainerControl</InheritsFrom>
  </ViewProperty>
  <ViewProperty>
   <ObjName>LockTop</ObjName>
   <Visible>1</Visible>
   <PropertyGroup>Position</PropertyGroup>
   <ItemType>Boolean</ItemType>
   <InheritsFrom>ContainerControl</InheritsFrom>
  </ViewProperty>
  <ViewProperty>
   <ObjName>LockRight</ObjName>
   <Visible>1</Visible>
   <PropertyGroup>Position</PropertyGroup>
   <ItemType>Boolean</ItemType>
   <InheritsFrom>ContainerControl</InheritsFrom>
  </ViewProperty>
  <ViewProperty>
   <ObjName>LockBottom</ObjName>
   <Visible>1</Visible>
   <PropertyGroup>Position</PropertyGroup>
   <ItemType>Boolean</ItemType>
   <InheritsFrom>ContainerControl</InheritsFrom>
  </ViewProperty>
  <ViewProperty>
   <ObjName>TabPanelIndex</ObjName>
   <PropertyGroup>Position</PropertyGroup>
   <PropertyValue>0</PropertyValue>
   <ItemType>Integer</ItemType>
   <InheritsFrom>ContainerControl</InheritsFrom>
  </ViewProperty>
  <ViewProperty>
   <ObjName>Visible</ObjName>
   <Visible>1</Visible>
   <PropertyGroup>Appearance</PropertyGroup>
   <PropertyValue>True</PropertyValue>
   <ItemType>Boolean</ItemType>
   <InheritsFrom>ContainerControl</InheritsFrom>
  </ViewProperty>
  <ViewProperty>
   <ObjName>Enabled</ObjName>
   <Visible>1</Visible>
   <PropertyGroup>Appearance</PropertyGroup>
   <PropertyValue>True</PropertyValue>
   <ItemType>Boolean</ItemType>
   <InheritsFrom>ContainerControl</InheritsFrom>
  </ViewProperty>
  <ViewProperty>
   <ObjName>AutoDeactivate</ObjName>
   <Visible>1</Visible>
   <PropertyGroup>Appearance</PropertyGroup>
   <PropertyValue>True</PropertyValue>
   <ItemType>Boolean</ItemType>
   <InheritsFrom>ContainerControl</InheritsFrom>
  </ViewProperty>
  <ViewProperty>
   <ObjName>HelpTag</ObjName>
   <Visible>1</Visible>
   <PropertyGroup>Appearance</PropertyGroup>
   <ItemType>String</ItemType>
   <InheritsFrom>ContainerControl</InheritsFrom>
  </ViewProperty>
  <ViewProperty>
   <ObjName>UseFocusRing</ObjName>
   <Visible>1</Visible>
   <PropertyGroup>Appearance</PropertyGroup>
   <ItemType>Boolean</ItemType>
   <InheritsFrom>ContainerControl</InheritsFrom>
  </ViewProperty>
  <ViewProperty>
   <ObjName>AcceptFocus</ObjName>
   <Visible>1</Visible>
   <PropertyGroup>Behavior</PropertyGroup>
   <ItemType>Boolean</ItemType>
   <InheritsFrom>ContainerControl</InheritsFrom>
  </ViewProperty>
  <ViewProperty>
   <ObjName>AcceptTabs</ObjName>
   <Visible>1</Visible>
   <PropertyGroup>Behavior</PropertyGroup>
   <ItemType>Boolean</ItemType>
   <InheritsFrom>ContainerControl</InheritsFrom>
  </ViewProperty>
  <ViewProperty>
   <ObjName>EraseBackground</ObjName>
   <Visible>1</Visible>
   <PropertyGroup>Behavior</PropertyGroup>
   <PropertyValue>True</PropertyValue>
   <ItemType>Boolean</ItemType>
   <InheritsFrom>ContainerControl</InheritsFrom>
  </ViewProperty>
 </ViewBehavior>
 <ControlBehavior>
  <Superclass>BevelButton</Superclass>
 </ControlBehavior>
 <Control>
  <ControlClass>BevelButton</ControlClass>
  <ItemName>BevelButton</ItemName>
  <PropertyVal Name="Underline">False</PropertyVal>
  <PropertyVal Name="Italic">False</PropertyVal>
  <PropertyVal Name="Bold">False</PropertyVal>
  <PropertyVal Name="TextSize">0</PropertyVal>
  <PropertyVal Name="TextFont">System</PropertyVal>
  <PropertyVal Name="AcceptFocus">False</PropertyVal>
  <PropertyVal Name="ButtonType">0</PropertyVal>
  <PropertyVal Name="MenuValue">0</PropertyVal>
  <PropertyVal Name="Value">False</PropertyVal>
  <PropertyVal Name="HasMenu">0</PropertyVal>
  <PropertyVal Name="Bevel">0</PropertyVal>
  <PropertyVal Name="IconDY">0</PropertyVal>
  <PropertyVal Name="IconDX">0</PropertyVal>
  <PropertyVal Name="IconAlign">0</PropertyVal>
  <PropertyVal Name="Icon"></PropertyVal>
  <PropertyVal Name="CaptionDelta">0</PropertyVal>
  <PropertyVal Name="CaptionPlacement">1</PropertyVal>
  <PropertyVal Name="CaptionAlign">3</PropertyVal>
  <PropertyVal Name="Caption">Untitled</PropertyVal>
  <PropertyVal Name="Enabled">True</PropertyVal>
  <PropertyVal Name="AutoDeactivate">True</PropertyVal>
  <PropertyVal Name="HelpTag"></PropertyVal>
  <PropertyVal Name="Visible">True</PropertyVal>
  <PropertyVal Name="InitialParent"></PropertyVal>
  <PropertyVal Name="TabPanelIndex">0</PropertyVal>
  <PropertyVal Name="LockBottom"></PropertyVal>
  <PropertyVal Name="LockRight"></PropertyVal>
  <PropertyVal Name="LockTop"></PropertyVal>
  <PropertyVal Name="LockLeft"></PropertyVal>
  <PropertyVal Name="Height">22</PropertyVal>
  <PropertyVal Name="Width">60</PropertyVal>
  <PropertyVal Name="Top">20</PropertyVal>
  <PropertyVal Name="Left">20</PropertyVal>
  <PropertyVal Name="ControlOrder">0</PropertyVal>
  <PropertyVal Name="Super">BevelButton</PropertyVal>
  <PropertyVal Name="Index">-2147483648</PropertyVal>
  <PropertyVal Name="Name">BevelButton1</PropertyVal>
  <ControlIndex>0</ControlIndex>
 </Control>
</block>
</RBProject>
