<block type="Menu" ID="1719917646"> <ObjName>MenuBar1</ObjName> <ObjContainerID>0</ObjContainerID> <MenuItem>  <ItemSpecialMenu>0</ItemSpecialMenu>  <ItemName>FileMenu</ItemName>  <ItemText>&amp;File</ItemText>  <ItemIndex>-2147483648</ItemIndex>  <ItemShortcut></ItemShortcut>  <MenuAutoEnable>1</MenuAutoEnable>  <TextEncoding>134217984</TextEncoding>  <ItemFlags>0</ItemFlags>  <Superclass>MenuItem</Superclass>  <MenuItem>   <ItemSpecialMenu>0</ItemSpecialMenu>   <ItemName>FileQuit</ItemName>   <ItemText>#App.kFileQuit</ItemText>   <ItemIndex>-2147483648</ItemIndex>   <ItemShortcut>#App.kFileQuitShortcut</ItemShortcut>   <MenuShortcut>#App.kFileQuitShortcut</MenuShortcut>   <MenuAutoEnable>1</MenuAutoEnable>   <TextEncoding>134217984</TextEncoding>   <ItemFlags>0</ItemFlags>   <Superclass>QuitMenuItem</Superclass>  </MenuItem> </MenuItem> <MenuItem>  <ItemSpecialMenu>0</ItemSpecialMenu>  <ItemName>EditMenu</ItemName>  <ItemText>&amp;Edit</ItemText>  <ItemIndex>-2147483648</ItemIndex>  <ItemShortcut></ItemShortcut>  <MenuAutoEnable>1</MenuAutoEnable>  <TextEncoding>134217984</TextEncoding>  <ItemFlags>0</ItemFlags>  <Superclass>MenuItem</Superclass>  <MenuItem>   <ItemSpecialMenu>0</ItemSpecialMenu>   <ItemName>EditUndo</ItemName>   <ItemText>&amp;Undo</ItemText>   <ItemIndex>-2147483648</ItemIndex>   <ItemShortcut>Cmd+Z</ItemShortcut>   <MenuShortcut>Z</MenuShortcut>   <MenuShortcutModifier>1</MenuShortcutModifier>   <MenuAutoEnable>1</MenuAutoEnable>   <TextEncoding>134217984</TextEncoding>   <ItemFlags>0</ItemFlags>   <Superclass>MenuItem</Superclass>  </MenuItem>  <MenuItem>   <ItemSpecialMenu>0</ItemSpecialMenu>   <ItemName></ItemName>   <ItemText>-</ItemText>   <ItemIndex>-2147483648</ItemIndex>   <ItemShortcut></ItemShortcut>   <MenuAutoEnable>1</MenuAutoEnable>   <TextEncoding>134217984</TextEncoding>   <ItemFlags>0</ItemFlags>   <Superclass>MenuItem</Superclass>  </MenuItem>  <MenuItem>   <ItemSpecialMenu>0</ItemSpecialMenu>   <ItemName>EditCut</ItemName>   <ItemText>Cu&amp;t</ItemText>   <ItemIndex>-2147483648</ItemIndex>   <ItemShortcut>Cmd+X</ItemShortcut>   <MenuShortcut>X</MenuShortcut>   <MenuShortcutModifier>1</MenuShortcutModifier>   <MenuAutoEnable>1</MenuAutoEnable>   <TextEncoding>134217984</TextEncoding>   <ItemFlags>0</ItemFlags>   <Superclass>MenuItem</Superclass>  </MenuItem>  <MenuItem>   <ItemSpecialMenu>0</ItemSpecialMenu>   <ItemName>EditCopy</ItemName>   <ItemText>&amp;Copy</ItemText>   <ItemIndex>-2147483648</ItemIndex>   <ItemShortcut>Cmd+C</ItemShortcut>   <MenuShortcut>C</MenuShortcut>   <MenuShortcutModifier>1</MenuShortcutModifier>   <MenuAutoEnable>1</MenuAutoEnable>   <TextEncoding>134217984</TextEncoding>   <ItemFlags>0</ItemFlags>   <Superclass>MenuItem</Superclass>  </MenuItem>  <MenuItem>   <ItemSpecialMenu>0</ItemSpecialMenu>   <ItemName>EditPaste</ItemName>   <ItemText>&amp;Paste</ItemText>   <ItemIndex>-2147483648</ItemIndex>   <ItemShortcut>Cmd+V</ItemShortcut>   <MenuShortcut>V</MenuShortcut>   <MenuShortcutModifier>1</MenuShortcutModifier>   <MenuAutoEnable>1</MenuAutoEnable>   <TextEncoding>134217984</TextEncoding>   <ItemFlags>0</ItemFlags>   <Superclass>MenuItem</Superclass>  </MenuItem>  <MenuItem>   <ItemSpecialMenu>0</ItemSpecialMenu>   <ItemName>EditClear</ItemName>   <ItemText>#App.kEditClear</ItemText>   <ItemIndex>-2147483648</ItemIndex>   <ItemShortcut></ItemShortcut>   <MenuAutoEnable>1</MenuAutoEnable>   <TextEncoding>134217984</TextEncoding>   <ItemFlags>0</ItemFlags>   <Superclass>MenuItem</Superclass>  </MenuItem>  <MenuItem>   <ItemSpecialMenu>0</ItemSpecialMenu>   <ItemName></ItemName>   <ItemText>-</ItemText>   <ItemIndex>-2147483648</ItemIndex>   <ItemShortcut></ItemShortcut>   <MenuAutoEnable>1</MenuAutoEnable>   <TextEncoding>134217984</TextEncoding>   <ItemFlags>0</ItemFlags>   <Superclass>MenuItem</Superclass>  </MenuItem>  <MenuItem>   <ItemSpecialMenu>0</ItemSpecialMenu>   <ItemName>EditSelectAll</ItemName>   <ItemText>Select &amp;All</ItemText>   <ItemIndex>-2147483648</ItemIndex>   <ItemShortcut>Cmd+A</ItemShortcut>   <MenuShortcut>A</MenuShortcut>   <MenuShortcutModifier>1</MenuShortcutModifier>   <MenuAutoEnable>1</MenuAutoEnable>   <TextEncoding>134217984</TextEncoding>   <ItemFlags>0</ItemFlags>   <Superclass>MenuItem</Superclass>  </MenuItem> </MenuItem></block>