 <Method>  <ItemName>Finalize</ItemName>  <Compatibility></Compatibility>  <Visible>1</Visible>  <ItemSource>   <TextEncoding>134217984</TextEncoding>   <SourceLine>Function Finalize() As Integer</SourceLine>   <SourceLine>Print "We're done running now!"</SourceLine>   <SourceLine></SourceLine>   <SourceLine>return 0</SourceLine>   <SourceLine>End Function</SourceLine>  </ItemSource>  <TextEncoding>134217984</TextEncoding>  <AliasName></AliasName>  <ItemFlags>0</ItemFlags>  <IsShared>0</IsShared>  <ItemParams></ItemParams>  <ItemResult>Integer</ItemResult> </Method>