<?xml version="1.0"?>
<RBProject version="2007r1">
<block type="Module" ID="160586641">
 <ObjName>Module1</ObjName>
 <ObjContainerID>0</ObjContainerID>
 <IsClass>0</IsClass>
 <IsInterface>0</IsInterface>
 <Compatibility></Compatibility>
 <Method>
  <ItemName>Untitled1</ItemName>
  <Compatibility></Compatibility>
  <Visible>1</Visible>
  <ItemSource>
   <TextEncoding>134217984</TextEncoding>
   <SourceLine>Sub Untitled1()</SourceLine>
   <SourceLine></SourceLine>
   <SourceLine>End Sub</SourceLine>
  </ItemSource>
  <TextEncoding>134217984</TextEncoding>
  <AliasName></AliasName>
  <ItemFlags>0</ItemFlags>
  <IsShared>0</IsShared>
  <ItemParams></ItemParams>
  <ItemResult></ItemResult>
 </Method>
 <Note>
  <ItemName>Untitled1</ItemName>
  <Compatibility></Compatibility>
  <Visible>1</Visible>
  <ItemSource>
   <TextEncoding>134217984</TextEncoding>
   <NoteLine>Untitled1</NoteLine>
   <NoteLine></NoteLine>
   <NoteLine></NoteLine>
  </ItemSource>
  <ItemFlags>0</ItemFlags>
 </Note>
 <Note>
  <ItemName>Untitled4</ItemName>
  <Compatibility></Compatibility>
  <Visible>1</Visible>
  <ItemSource>
   <TextEncoding>134217984</TextEncoding>
   <NoteLine>Untitled4</NoteLine>
   <NoteLine></NoteLine>
   <NoteLine></NoteLine>
  </ItemSource>
  <ItemFlags>0</ItemFlags>
 </Note>
 <Property Flags="0" Compatibility="">globalProperty As Integer</Property>
 <ComputedProperty Flags="0" Compatibility="">
 <Declaration>globalComputedProperty As Integer</Declaration>
  <GetAccessor>
  <TextEncoding>134217984</TextEncoding>
  <SourceLine>Get</SourceLine>
  <SourceLine></SourceLine>
  <SourceLine>End Get</SourceLine>
 </GetAccessor>

  <SetAccessor>
  <TextEncoding>134217984</TextEncoding>
  <SourceLine>Set</SourceLine>
  <SourceLine></SourceLine>
  <SourceLine>End Set</SourceLine>
 </SetAccessor>

 </ComputedProperty>
 <ComputedProperty Flags="1" Compatibility="">
 <Declaration>protectedComputedProperty As Integer</Declaration>
  <GetAccessor>
  <TextEncoding>134217984</TextEncoding>
  <SourceLine>Get</SourceLine>
  <SourceLine></SourceLine>
  <SourceLine>End Get</SourceLine>
 </GetAccessor>

  <SetAccessor>
  <TextEncoding>134217984</TextEncoding>
  <SourceLine>Set</SourceLine>
  <SourceLine></SourceLine>
  <SourceLine>End Set</SourceLine>
 </SetAccessor>

 </ComputedProperty>
 <ComputedProperty Flags="33" Compatibility="">
 <Declaration>privateComputedProperty As Integer</Declaration>
  <GetAccessor>
  <TextEncoding>134217984</TextEncoding>
  <SourceLine>Get</SourceLine>
  <SourceLine></SourceLine>
  <SourceLine>End Get</SourceLine>
 </GetAccessor>

  <SetAccessor>
  <TextEncoding>134217984</TextEncoding>
  <SourceLine>Set</SourceLine>
  <SourceLine></SourceLine>
  <SourceLine>End Set</SourceLine>
 </SetAccessor>

 </ComputedProperty>
 <Property Flags="1" Compatibility="">publicProperty As Integer</Property>
 <Property Flags="33" Compatibility="">privateProperty As Integer</Property>
 <ViewBehavior>
  <ViewProperty>
   <ObjName>Name</ObjName>
   <Visible>1</Visible>
   <PropertyGroup>ID</PropertyGroup>
   <InheritsFrom>Object</InheritsFrom>
  </ViewProperty>
  <ViewProperty>
   <ObjName>Index</ObjName>
   <Visible>1</Visible>
   <PropertyGroup>ID</PropertyGroup>
   <PropertyValue>-2147483648</PropertyValue>
   <InheritsFrom>Object</InheritsFrom>
  </ViewProperty>
  <ViewProperty>
   <ObjName>Super</ObjName>
   <Visible>1</Visible>
   <PropertyGroup>ID</PropertyGroup>
   <InheritsFrom>Object</InheritsFrom>
  </ViewProperty>
  <ViewProperty>
   <ObjName>Left</ObjName>
   <Visible>1</Visible>
   <PropertyGroup>Position</PropertyGroup>
   <PropertyValue>0</PropertyValue>
   <InheritsFrom>Object</InheritsFrom>
  </ViewProperty>
  <ViewProperty>
   <ObjName>Top</ObjName>
   <Visible>1</Visible>
   <PropertyGroup>Position</PropertyGroup>
   <PropertyValue>0</PropertyValue>
   <InheritsFrom>Object</InheritsFrom>
  </ViewProperty>
  <ViewProperty>
   <ObjName>Untitled2</ObjName>
   <PropertyGroup>Behavior</PropertyGroup>
   <PropertyValue>0</PropertyValue>
   <ItemType>Integer</ItemType>
  </ViewProperty>
  <ViewProperty>
   <ObjName>Untitled3</ObjName>
   <PropertyGroup>Behavior</PropertyGroup>
   <PropertyValue>0</PropertyValue>
   <ItemType>Integer</ItemType>
  </ViewProperty>
 </ViewBehavior>
 <Constant>
  <TextEncoding>134217984</TextEncoding>
  <ItemName>Untitled</ItemName>
  <ItemType>5</ItemType>
  <ItemDef></ItemDef>
  <ItemFlags>0</ItemFlags>
 </Constant>
 <Structure>
  <TextEncoding>134217984</TextEncoding>
  <ItemName>Untitled4</ItemName>
  <ItemFlags>0</ItemFlags>
  <ItemName>Untitled4</ItemName>
  <Compatibility></Compatibility>
  <Visible>1</Visible>
  <ItemSource>
   <TextEncoding>134217984</TextEncoding>
   <SourceLine>fieldName As Type</SourceLine>
   <SourceLine>fieldName As Type2</SourceLine>
  </ItemSource>
 </Structure>
 <Enumeration>
  <TextEncoding>134217984</TextEncoding>
  <ItemName>Untitled4</ItemName>
  <ItemFlags>0</ItemFlags>
  <ItemName>Untitled4</ItemName>
  <Compatibility></Compatibility>
  <Visible>1</Visible>
  <ItemSource>
   <TextEncoding>134217984</TextEncoding>
   <SourceLine>valueName1</SourceLine>
   <SourceLine>valueName2</SourceLine>
  </ItemSource>
 </Enumeration>
</block>
</RBProject>
