<?xml version="1.0"?>
<RBProject version="2007r1">
<block type="Project" ID="0">
 <ProjectSavedInVers>2007.01</ProjectSavedInVers>
 <ProjMgrUser></ProjMgrUser>
 <ProjMgrServer></ProjMgrServer>
 <MajorVersion>1</MajorVersion>
 <MinorVersion>0</MinorVersion>
 <SubVersion>0</SubVersion>
 <Release>0</Release>
 <NonRelease>0</NonRelease>
 <Region></Region>
 <ShortVersion></ShortVersion>
 <LongVersion></LongVersion>
 <InfoVersion></InfoVersion>
 <AutoIncVersion>0</AutoIncVersion>
 <DefaultViewID>950862481</DefaultViewID>
 <ProjectType>0</ProjectType>
 <DefaultLanguage>0</DefaultLanguage>
 <CurrentLanguage>0</CurrentLanguage>
 <DefaultEncoding>0</DefaultEncoding>
 <BuildFlags>8192</BuildFlags>
 <Icon>
 </Icon>
 <MacCreator></MacCreator>
 <BuildMacName>My Application (Classic)</BuildMacName>
 <BuildCarbonName>My Application</BuildCarbonName>
 <BuildCarbonMachOName>My Application</BuildCarbonMachOName>
 <BundleIdentifier></BundleIdentifier>
 <BuildSize>4194304</BuildSize>
 <BuildMinSize>2097152</BuildMinSize>
 <BuildSizeAsString>4096</BuildSizeAsString>
 <BuildMinSizeAsString>2048</BuildMinSizeAsString>
 <WinMDICaption></WinMDICaption>
 <BuildWinName>My Application.exe</BuildWinName>
 <BuildWinMDI>0</BuildWinMDI>
 <BuildLinuxX86Name>MyApplication</BuildLinuxX86Name>
</block>
<block type="Module" ID="1219651470">
 <ObjName>App</ObjName>
 <ObjContainerID>0</ObjContainerID>
 <IsClass>1</IsClass>
 <Superclass>Application</Superclass>
 <IsInterface>0</IsInterface>
 <IsApplicationObject>1</IsApplicationObject>
 <Compatibility></Compatibility>
 <MenuHandler>
  <ItemName>Untitled</ItemName>
  <Compatibility></Compatibility>
  <Visible>1</Visible>
  <ItemSource>
   <TextEncoding>134217984</TextEncoding>
   <SourceLine>Function Untitled() As Boolean</SourceLine>
   <SourceLine></SourceLine>
   <SourceLine>End Function</SourceLine>
  </ItemSource>
 </MenuHandler>
 <Method>
  <ItemName>Untitled</ItemName>
  <Compatibility></Compatibility>
  <Visible>1</Visible>
  <ItemSource>
   <TextEncoding>134217984</TextEncoding>
   <SourceLine>Sub Untitled()</SourceLine>
   <SourceLine></SourceLine>
   <SourceLine>End Sub</SourceLine>
  </ItemSource>
  <TextEncoding>134217984</TextEncoding>
  <AliasName></AliasName>
  <ItemFlags>0</ItemFlags>
  <IsShared>0</IsShared>
  <ItemParams></ItemParams>
  <ItemResult></ItemResult>
 </Method>
 <Method>
  <ItemName>Untitled3</ItemName>
  <Compatibility></Compatibility>
  <Visible>1</Visible>
  <ItemSource>
   <TextEncoding>134217984</TextEncoding>
   <SourceLine> Shared Sub Untitled3()</SourceLine>
   <SourceLine></SourceLine>
   <SourceLine>End Sub</SourceLine>
  </ItemSource>
  <TextEncoding>134217984</TextEncoding>
  <AliasName></AliasName>
  <ItemFlags>0</ItemFlags>
  <IsShared>1</IsShared>
  <ItemParams></ItemParams>
  <ItemResult></ItemResult>
 </Method>
 <Hook>
  <ItemName>Untitled</ItemName>
  <TextEncoding>134217984</TextEncoding>
  <ItemFlags>33</ItemFlags>
  <SystemFlags>0</SystemFlags>
  <ItemParams></ItemParams>
  <ItemResult></ItemResult>
 </Hook>
 <Note>
  <ItemName>Untitled</ItemName>
  <Compatibility></Compatibility>
  <Visible>1</Visible>
  <ItemSource>
   <TextEncoding>134217984</TextEncoding>
   <NoteLine>Untitled</NoteLine>
   <NoteLine></NoteLine>
   <NoteLine></NoteLine>
  </ItemSource>
  <ItemFlags>0</ItemFlags>
 </Note>
 <Property Flags="0" Compatibility="">Untitled1 As Integer</Property>
 <ComputedProperty Flags="0" Compatibility="">
 <Declaration>Untitled2 As Integer</Declaration>
  <GetAccessor>
  <TextEncoding>134217984</TextEncoding>
  <SourceLine>Get</SourceLine>
  <SourceLine></SourceLine>
  <SourceLine>End Get</SourceLine>
 </GetAccessor>

  <SetAccessor>
  <TextEncoding>134217984</TextEncoding>
  <SourceLine>Set</SourceLine>
  <SourceLine></SourceLine>
  <SourceLine>End Set</SourceLine>
 </SetAccessor>

 </ComputedProperty>
 <Property Flags="0" Compatibility="" Shared="true">Untitled4 As Integer</Property>
 <ComputedProperty Flags="0" Compatibility="" Shared="true">
 <Declaration>Untitled5 As Integer</Declaration>
  <GetAccessor>
  <TextEncoding>134217984</TextEncoding>
  <SourceLine>Get</SourceLine>
  <SourceLine></SourceLine>
  <SourceLine>End Get</SourceLine>
 </GetAccessor>

  <SetAccessor>
  <TextEncoding>134217984</TextEncoding>
  <SourceLine>Set</SourceLine>
  <SourceLine></SourceLine>
  <SourceLine>End Set</SourceLine>
 </SetAccessor>

 </ComputedProperty>
 <PropertyVal Name="MenuBar">1719917646</PropertyVal>
 <ViewBehavior>
 </ViewBehavior>
 <Constant>
  <TextEncoding>134217984</TextEncoding>
  <ItemName>kFileQuitShortcut</ItemName>
  <ItemType>0</ItemType>
  <ItemDef></ItemDef>
  <ItemFlags>0</ItemFlags>
  <ConstantInstance>
   <ItemPlatform>1</ItemPlatform>
   <ItemLanguage>0</ItemLanguage>
   <ItemDef>Cmd+Q</ItemDef>
  </ConstantInstance>
  <ConstantInstance>
   <ItemPlatform>5</ItemPlatform>
   <ItemLanguage>0</ItemLanguage>
   <ItemDef>Ctrl+Q</ItemDef>
  </ConstantInstance>
 </Constant>
 <Constant>
  <TextEncoding>134217984</TextEncoding>
  <ItemName>kFileQuit</ItemName>
  <ItemType>0</ItemType>
  <ItemDef>&amp;Quit</ItemDef>
  <ItemFlags>0</ItemFlags>
  <ConstantInstance>
   <ItemPlatform>2</ItemPlatform>
   <ItemLanguage>0</ItemLanguage>
   <ItemDef>E&amp;xit</ItemDef>
  </ConstantInstance>
 </Constant>
 <Constant>
  <TextEncoding>134217984</TextEncoding>
  <ItemName>kEditClear</ItemName>
  <ItemType>0</ItemType>
  <ItemDef>&amp;Delete</ItemDef>
  <ItemFlags>0</ItemFlags>
  <ConstantInstance>
   <ItemPlatform>2</ItemPlatform>
   <ItemLanguage>0</ItemLanguage>
   <ItemDef>&amp;Delete</ItemDef>
  </ConstantInstance>
  <ConstantInstance>
   <ItemPlatform>5</ItemPlatform>
   <ItemLanguage>0</ItemLanguage>
   <ItemDef>&amp;Delete</ItemDef>
  </ConstantInstance>
 </Constant>
</block>
<block type="Window" ID="950862481">
 <ObjName>Window1</ObjName>
 <ObjContainerID>0</ObjContainerID>
 <IsClass>1</IsClass>
 <Superclass>Window</Superclass>
 <IsInterface>0</IsInterface>
 <Compatibility></Compatibility>
 <PropertyVal Name="MenuBar">1719917646</PropertyVal>
 <PropertyVal Name="MacProcID">0</PropertyVal>
 <PropertyVal Name="BalloonHelp"></PropertyVal>
 <PropertyVal Name="MinimizeButton">True</PropertyVal>
 <PropertyVal Name="MaximizeButton">False</PropertyVal>
 <PropertyVal Name="LiveResize">False</PropertyVal>
 <PropertyVal Name="Resizeable">False</PropertyVal>
 <PropertyVal Name="CloseButton">True</PropertyVal>
 <PropertyVal Name="MenuBarVisible">True</PropertyVal>
 <PropertyVal Name="FullScreen">False</PropertyVal>
 <PropertyVal Name="Visible">True</PropertyVal>
 <PropertyVal Name="Title">Untitled</PropertyVal>
 <PropertyVal Name="Backdrop"></PropertyVal>
 <PropertyVal Name="BackColor">16777215</PropertyVal>
 <PropertyVal Name="HasBackColor">False</PropertyVal>
 <PropertyVal Name="Composite">True</PropertyVal>
 <PropertyVal Name="Frame">0</PropertyVal>
 <PropertyVal Name="MaxHeight">32000</PropertyVal>
 <PropertyVal Name="MaxWidth">32000</PropertyVal>
 <PropertyVal Name="MinHeight">64</PropertyVal>
 <PropertyVal Name="MinWidth">64</PropertyVal>
 <PropertyVal Name="Height">584</PropertyVal>
 <PropertyVal Name="Width">814</PropertyVal>
 <PropertyVal Name="Placement">0</PropertyVal>
 <ViewBehavior>
  <ViewProperty>
   <ObjName>Name</ObjName>
   <Visible>1</Visible>
   <PropertyGroup>ID</PropertyGroup>
   <InheritsFrom>Window</InheritsFrom>
  </ViewProperty>
  <ViewProperty>
   <ObjName>Interfaces</ObjName>
   <Visible>1</Visible>
   <PropertyGroup>ID</PropertyGroup>
   <InheritsFrom>Window</InheritsFrom>
  </ViewProperty>
  <ViewProperty>
   <ObjName>Super</ObjName>
   <Visible>1</Visible>
   <PropertyGroup>ID</PropertyGroup>
   <InheritsFrom>Window</InheritsFrom>
  </ViewProperty>
  <ViewProperty>
   <ObjName>Placement</ObjName>
   <Visible>1</Visible>
   <PropertyGroup>Position</PropertyGroup>
   <PropertyValue>0</PropertyValue>
   <ItemType>Integer</ItemType>
   <EditorType>Enum</EditorType>
   <InheritsFrom>Window</InheritsFrom>
   <Enumeration>
    <ItemDef>0 - Default</ItemDef>
    <ItemDef>1 - Parent Window</ItemDef>
    <ItemDef>2 - Main Screen</ItemDef>
    <ItemDef>3 - Parent Window Screen</ItemDef>
    <ItemDef>4 - Stagger</ItemDef>
   </Enumeration>
  </ViewProperty>
  <ViewProperty>
   <ObjName>Width</ObjName>
   <Visible>1</Visible>
   <PropertyGroup>Position</PropertyGroup>
   <PropertyValue>300</PropertyValue>
   <ItemType>Integer</ItemType>
   <InheritsFrom>Window</InheritsFrom>
  </ViewProperty>
  <ViewProperty>
   <ObjName>Height</ObjName>
   <Visible>1</Visible>
   <PropertyGroup>Position</PropertyGroup>
   <PropertyValue>300</PropertyValue>
   <ItemType>Integer</ItemType>
   <InheritsFrom>Window</InheritsFrom>
  </ViewProperty>
  <ViewProperty>
   <ObjName>MinWidth</ObjName>
   <Visible>1</Visible>
   <PropertyGroup>Position</PropertyGroup>
   <PropertyValue>64</PropertyValue>
   <ItemType>Integer</ItemType>
   <InheritsFrom>Window</InheritsFrom>
  </ViewProperty>
  <ViewProperty>
   <ObjName>MinHeight</ObjName>
   <Visible>1</Visible>
   <PropertyGroup>Position</PropertyGroup>
   <PropertyValue>64</PropertyValue>
   <ItemType>Integer</ItemType>
   <InheritsFrom>Window</InheritsFrom>
  </ViewProperty>
  <ViewProperty>
   <ObjName>MaxWidth</ObjName>
   <Visible>1</Visible>
   <PropertyGroup>Position</PropertyGroup>
   <PropertyValue>32000</PropertyValue>
   <ItemType>Integer</ItemType>
   <InheritsFrom>Window</InheritsFrom>
  </ViewProperty>
  <ViewProperty>
   <ObjName>MaxHeight</ObjName>
   <Visible>1</Visible>
   <PropertyGroup>Position</PropertyGroup>
   <PropertyValue>32000</PropertyValue>
   <ItemType>Integer</ItemType>
   <InheritsFrom>Window</InheritsFrom>
  </ViewProperty>
  <ViewProperty>
   <ObjName>Frame</ObjName>
   <Visible>1</Visible>
   <PropertyGroup>Appearance</PropertyGroup>
   <PropertyValue>0</PropertyValue>
   <ItemType>Integer</ItemType>
   <EditorType>Enum</EditorType>
   <InheritsFrom>Window</InheritsFrom>
   <Enumeration>
    <ItemDef>0 - Document</ItemDef>
    <ItemDef>1 - Movable Modal</ItemDef>
    <ItemDef>2 - Modal Dialog</ItemDef>
    <ItemDef>3 - Floating Window</ItemDef>
    <ItemDef>4 - Plain Box</ItemDef>
    <ItemDef>5 - Shadowed Box</ItemDef>
    <ItemDef>6 - Rounded Window</ItemDef>
    <ItemDef>7 - Global Floating Window</ItemDef>
    <ItemDef>8 - Sheet Window</ItemDef>
    <ItemDef>9 - Metal Window</ItemDef>
    <ItemDef>10 - Drawer Window</ItemDef>
    <ItemDef>11 - Modeless Dialog</ItemDef>
   </Enumeration>
  </ViewProperty>
  <ViewProperty>
   <ObjName>Composite</ObjName>
   <Visible>1</Visible>
   <PropertyGroup>Appearance</PropertyGroup>
   <PropertyValue>False</PropertyValue>
   <ItemType>Boolean</ItemType>
   <InheritsFrom>Window</InheritsFrom>
  </ViewProperty>
  <ViewProperty>
   <ObjName>HasBackColor</ObjName>
   <Visible>1</Visible>
   <PropertyGroup>Appearance</PropertyGroup>
   <PropertyValue>False</PropertyValue>
   <ItemType>Boolean</ItemType>
   <InheritsFrom>Window</InheritsFrom>
  </ViewProperty>
  <ViewProperty>
   <ObjName>BackColor</ObjName>
   <Visible>1</Visible>
   <PropertyGroup>Appearance</PropertyGroup>
   <PropertyValue>&amp;hFFFFFF</PropertyValue>
   <ItemType>Color</ItemType>
   <InheritsFrom>Window</InheritsFrom>
  </ViewProperty>
  <ViewProperty>
   <ObjName>Backdrop</ObjName>
   <Visible>1</Visible>
   <PropertyGroup>Appearance</PropertyGroup>
   <ItemType>Picture</ItemType>
   <EditorType>Picture</EditorType>
   <InheritsFrom>Window</InheritsFrom>
  </ViewProperty>
  <ViewProperty>
   <ObjName>Title</ObjName>
   <Visible>1</Visible>
   <PropertyGroup>Appearance</PropertyGroup>
   <PropertyValue>Untitled</PropertyValue>
   <ItemType>String</ItemType>
   <InheritsFrom>Window</InheritsFrom>
  </ViewProperty>
  <ViewProperty>
   <ObjName>Visible</ObjName>
   <Visible>1</Visible>
   <PropertyGroup>Appearance</PropertyGroup>
   <PropertyValue>True</PropertyValue>
   <ItemType>Boolean</ItemType>
   <InheritsFrom>Window</InheritsFrom>
  </ViewProperty>
  <ViewProperty>
   <ObjName>FullScreen</ObjName>
   <Visible>1</Visible>
   <PropertyGroup>Appearance</PropertyGroup>
   <PropertyValue>False</PropertyValue>
   <ItemType>Boolean</ItemType>
   <InheritsFrom>Window</InheritsFrom>
  </ViewProperty>
  <ViewProperty>
   <ObjName>MenuBarVisible</ObjName>
   <Visible>1</Visible>
   <PropertyGroup>Appearance</PropertyGroup>
   <PropertyValue>True</PropertyValue>
   <ItemType>Boolean</ItemType>
   <InheritsFrom>Window</InheritsFrom>
  </ViewProperty>
  <ViewProperty>
   <ObjName>CloseButton</ObjName>
   <Visible>1</Visible>
   <PropertyGroup>Appearance</PropertyGroup>
   <PropertyValue>True</PropertyValue>
   <ItemType>Boolean</ItemType>
   <InheritsFrom>Window</InheritsFrom>
  </ViewProperty>
  <ViewProperty>
   <ObjName>Resizeable</ObjName>
   <Visible>1</Visible>
   <PropertyGroup>Appearance</PropertyGroup>
   <PropertyValue>False</PropertyValue>
   <ItemType>Boolean</ItemType>
   <InheritsFrom>Window</InheritsFrom>
  </ViewProperty>
  <ViewProperty>
   <ObjName>LiveResize</ObjName>
   <Visible>1</Visible>
   <PropertyGroup>Appearance</PropertyGroup>
   <PropertyValue>False</PropertyValue>
   <ItemType>Boolean</ItemType>
   <InheritsFrom>Window</InheritsFrom>
  </ViewProperty>
  <ViewProperty>
   <ObjName>MaximizeButton</ObjName>
   <Visible>1</Visible>
   <PropertyGroup>Appearance</PropertyGroup>
   <PropertyValue>False</PropertyValue>
   <ItemType>Boolean</ItemType>
   <InheritsFrom>Window</InheritsFrom>
  </ViewProperty>
  <ViewProperty>
   <ObjName>MinimizeButton</ObjName>
   <Visible>1</Visible>
   <PropertyGroup>Appearance</PropertyGroup>
   <PropertyValue>True</PropertyValue>
   <ItemType>Boolean</ItemType>
   <InheritsFrom>Window</InheritsFrom>
  </ViewProperty>
  <ViewProperty>
   <ObjName>BalloonHelp</ObjName>
   <Visible>1</Visible>
   <PropertyGroup>Appearance</PropertyGroup>
   <ItemType>String</ItemType>
   <InheritsFrom>Window</InheritsFrom>
  </ViewProperty>
  <ViewProperty>
   <ObjName>MacProcID</ObjName>
   <Visible>1</Visible>
   <PropertyGroup>Appearance</PropertyGroup>
   <PropertyValue>0</PropertyValue>
   <ItemType>Integer</ItemType>
   <InheritsFrom>Window</InheritsFrom>
  </ViewProperty>
  <ViewProperty>
   <ObjName>MenuBar</ObjName>
   <Visible>1</Visible>
   <PropertyGroup>Appearance</PropertyGroup>
   <ItemType>MenuBar</ItemType>
   <EditorType>MenuBar</EditorType>
   <InheritsFrom>Window</InheritsFrom>
  </ViewProperty>
 </ViewBehavior>
 <ControlBehavior>
  <Superclass>BevelButton</Superclass>
 </ControlBehavior>
 <ControlBehavior>
  <Superclass>Canvas</Superclass>
 </ControlBehavior>
 <ControlBehavior>
  <Superclass>CheckBox</Superclass>
 </ControlBehavior>
 <ControlBehavior>
  <Superclass>ComboBox</Superclass>
 </ControlBehavior>
 <ControlBehavior>
  <Superclass>DatabaseQuery</Superclass>
 </ControlBehavior>
 <ControlBehavior>
  <Superclass>DataControl</Superclass>
 </ControlBehavior>
 <ControlBehavior>
  <Superclass>DisclosureTriangle</Superclass>
 </ControlBehavior>
 <ControlBehavior>
  <Superclass>EditField</Superclass>
 </ControlBehavior>
 <ControlBehavior>
  <Superclass>ExcelApplication</Superclass>
 </ControlBehavior>
 <ControlBehavior>
  <Superclass>GroupBox</Superclass>
 </ControlBehavior>
 <ControlBehavior>
  <Superclass>HTMLViewer</Superclass>
 </ControlBehavior>
 <ControlBehavior>
  <Superclass>Line</Superclass>
 </ControlBehavior>
 <ControlBehavior>
  <Superclass>ImageWell</Superclass>
 </ControlBehavior>
 <ControlBehavior>
  <Superclass>ListBox</Superclass>
 </ControlBehavior>
 <ControlBehavior>
  <Superclass>MoviePlayer</Superclass>
 </ControlBehavior>
 <ControlBehavior>
  <Superclass>NotePlayer</Superclass>
 </ControlBehavior>
 <ControlBehavior>
  <Superclass>OLEContainer</Superclass>
 </ControlBehavior>
 <ControlBehavior>
  <Superclass>Oval</Superclass>
 </ControlBehavior>
 <ControlBehavior>
  <Superclass>PagePanel</Superclass>
 </ControlBehavior>
 <ControlBehavior>
  <Superclass>Placard</Superclass>
 </ControlBehavior>
 <ControlBehavior>
  <Superclass>PopupArrow</Superclass>
 </ControlBehavior>
 <ControlBehavior>
  <Superclass>PopupMenu</Superclass>
 </ControlBehavior>
 <ControlBehavior>
  <Superclass>PowerPointApplication</Superclass>
 </ControlBehavior>
 <ControlBehavior>
  <Superclass>ProgressBar</Superclass>
 </ControlBehavior>
 <ControlBehavior>
  <Superclass>ProgressWheel</Superclass>
 </ControlBehavior>
 <ControlBehavior>
  <Superclass>PushButton</Superclass>
 </ControlBehavior>
 <ControlBehavior>
  <Superclass>RadioButton</Superclass>
 </ControlBehavior>
 <ControlBehavior>
  <Superclass>Rb3DSpace</Superclass>
 </ControlBehavior>
 <ControlBehavior>
  <Superclass>RbScript</Superclass>
 </ControlBehavior>
 <ControlBehavior>
  <Superclass>Rectangle</Superclass>
 </ControlBehavior>
 <ControlBehavior>
  <Superclass>RoundRectangle</Superclass>
 </ControlBehavior>
 <ControlBehavior>
  <Superclass>ScrollBar</Superclass>
 </ControlBehavior>
 <ControlBehavior>
  <Superclass>Separator</Superclass>
 </ControlBehavior>
 <ControlBehavior>
  <Superclass>Serial</Superclass>
 </ControlBehavior>
 <ControlBehavior>
  <Superclass>ServerSocket</Superclass>
 </ControlBehavior>
 <ControlBehavior>
  <Superclass>Slider</Superclass>
 </ControlBehavior>
 <ControlBehavior>
  <Superclass>SpotlightQuery</Superclass>
 </ControlBehavior>
 <ControlBehavior>
  <Superclass>SpriteSurface</Superclass>
 </ControlBehavior>
 <ControlBehavior>
  <Superclass>StaticText</Superclass>
 </ControlBehavior>
 <ControlBehavior>
  <Superclass>TabPanel</Superclass>
 </ControlBehavior>
 <ControlBehavior>
  <Superclass>TCPSocket</Superclass>
 </ControlBehavior>
 <ControlBehavior>
  <Superclass>Thread</Superclass>
 </ControlBehavior>
 <ControlBehavior>
  <Superclass>Timer</Superclass>
 </ControlBehavior>
 <ControlBehavior>
  <Superclass>UDPSocket</Superclass>
 </ControlBehavior>
 <ControlBehavior>
  <Superclass>UpDownArrows</Superclass>
 </ControlBehavior>
 <ControlBehavior>
  <Superclass>WordApplication</Superclass>
 </ControlBehavior>
 <Control>
  <ControlClass>SpotlightQuery</ControlClass>
  <ItemName>SpotlightQuery</ItemName>
  <PropertyVal Name="ControlOrder">0</PropertyVal>
  <PropertyVal Name="TabPanelIndex">0</PropertyVal>
  <PropertyVal Name="Synchronous">0</PropertyVal>
  <PropertyVal Name="Query"></PropertyVal>
  <PropertyVal Name="Top">170</PropertyVal>
  <PropertyVal Name="Left">99</PropertyVal>
  <PropertyVal Name="Super">SpotlightQuery</PropertyVal>
  <PropertyVal Name="Index">-2147483648</PropertyVal>
  <PropertyVal Name="Name">SpotlightQuery1</PropertyVal>
  <ControlIndex>36</ControlIndex>
 </Control>
 <Control>
  <ControlClass>Rb3DSpace</ControlClass>
  <ItemName>Rb3DSpace</ItemName>
  <PropertyVal Name="InitialParent"></PropertyVal>
  <PropertyVal Name="ControlOrder">1</PropertyVal>
  <PropertyVal Name="TabPanelIndex">0</PropertyVal>
  <PropertyVal Name="Top">494</PropertyVal>
  <PropertyVal Name="Left">232</PropertyVal>
  <PropertyVal Name="Super">Rb3DSpace</PropertyVal>
  <PropertyVal Name="Index">-2147483648</PropertyVal>
  <PropertyVal Name="Name">Rb3DSpace1</PropertyVal>
  <ControlIndex>27</ControlIndex>
 </Control>
 <Control>
  <ControlClass>PowerPointApplication</ControlClass>
  <ItemName>PowerPointApplication</ItemName>
  <PropertyVal Name="InitialParent"></PropertyVal>
  <PropertyVal Name="ControlOrder">2</PropertyVal>
  <PropertyVal Name="TabPanelIndex">0</PropertyVal>
  <PropertyVal Name="Width">32</PropertyVal>
  <PropertyVal Name="Visible">1</PropertyVal>
  <PropertyVal Name="Height">32</PropertyVal>
  <PropertyVal Name="Top">429</PropertyVal>
  <PropertyVal Name="Left">554</PropertyVal>
  <PropertyVal Name="Super">PowerPointApplication</PropertyVal>
  <PropertyVal Name="Index">-2147483648</PropertyVal>
  <PropertyVal Name="Name">PowerPointApplication1</PropertyVal>
  <ControlIndex>22</ControlIndex>
 </Control>
 <Control>
  <ControlClass>ExcelApplication</ControlClass>
  <ItemName>ExcelApplication</ItemName>
  <PropertyVal Name="ControlOrder">3</PropertyVal>
  <PropertyVal Name="TabPanelIndex">0</PropertyVal>
  <PropertyVal Name="InitialParent"></PropertyVal>
  <PropertyVal Name="WindowsForPens">0</PropertyVal>
  <PropertyVal Name="Width">32</PropertyVal>
  <PropertyVal Name="Visible">True</PropertyVal>
  <PropertyVal Name="UserControl">0</PropertyVal>
  <PropertyVal Name="UsableWidth">0</PropertyVal>
  <PropertyVal Name="UsableHeight">0</PropertyVal>
  <PropertyVal Name="TransitionNavigKeys">0</PropertyVal>
  <PropertyVal Name="StandardFontSize">0</PropertyVal>
  <PropertyVal Name="ShowWindowsInTaskbar">0</PropertyVal>
  <PropertyVal Name="ShowToolTips">0</PropertyVal>
  <PropertyVal Name="ShowChartTipValues">0</PropertyVal>
  <PropertyVal Name="ShowChartTipNames">0</PropertyVal>
  <PropertyVal Name="ScreenUpdating">0</PropertyVal>
  <PropertyVal Name="RollZoom">0</PropertyVal>
  <PropertyVal Name="RecordRelative">0</PropertyVal>
  <PropertyVal Name="PromptForSummaryInfo">0</PropertyVal>
  <PropertyVal Name="PivotTableSelection">0</PropertyVal>
  <PropertyVal Name="MoveAfterReturn">0</PropertyVal>
  <PropertyVal Name="MouseAvailable">0</PropertyVal>
  <PropertyVal Name="MaxChange">0</PropertyVal>
  <PropertyVal Name="MathCoprocessorAvailable">0</PropertyVal>
  <PropertyVal Name="LargeButtons">0</PropertyVal>
  <PropertyVal Name="Iteration">0</PropertyVal>
  <PropertyVal Name="Interactive">0</PropertyVal>
  <PropertyVal Name="IgnoreRemoteRequests">0</PropertyVal>
  <PropertyVal Name="Height">32</PropertyVal>
  <PropertyVal Name="FixedDecimal">0</PropertyVal>
  <PropertyVal Name="ExtendList">0</PropertyVal>
  <PropertyVal Name="EnableTipWizard">0</PropertyVal>
  <PropertyVal Name="EnableSound">0</PropertyVal>
  <PropertyVal Name="EnableEvents">0</PropertyVal>
  <PropertyVal Name="EnableAutoComplete">0</PropertyVal>
  <PropertyVal Name="EnableAnimations">0</PropertyVal>
  <PropertyVal Name="EditDirectlyInCell">0</PropertyVal>
  <PropertyVal Name="Dummy101">0</PropertyVal>
  <PropertyVal Name="DisplayStatusBar">0</PropertyVal>
  <PropertyVal Name="DisplayScrollBars">0</PropertyVal>
  <PropertyVal Name="DisplayRecentFiles">0</PropertyVal>
  <PropertyVal Name="DisplayNoteIndicator">0</PropertyVal>
  <PropertyVal Name="DisplayInfoWindow">0</PropertyVal>
  <PropertyVal Name="DisplayFullScreen">0</PropertyVal>
  <PropertyVal Name="DisplayFormulaBar">0</PropertyVal>
  <PropertyVal Name="DisplayExcel4Menus">0</PropertyVal>
  <PropertyVal Name="DisplayClipboardWindow">0</PropertyVal>
  <PropertyVal Name="DisplayAlerts">0</PropertyVal>
  <PropertyVal Name="CopyObjectsWithCells">0</PropertyVal>
  <PropertyVal Name="ControlCharacters">0</PropertyVal>
  <PropertyVal Name="ConstrainNumeric">0</PropertyVal>
  <PropertyVal Name="ColorButtons">0</PropertyVal>
  <PropertyVal Name="CellDragAndDrop">0</PropertyVal>
  <PropertyVal Name="CanRecordSounds">0</PropertyVal>
  <PropertyVal Name="CanPlaySounds">0</PropertyVal>
  <PropertyVal Name="CalculateBeforeSave">0</PropertyVal>
  <PropertyVal Name="AutoPercentEntry">0</PropertyVal>
  <PropertyVal Name="AskToUpdateLinks">0</PropertyVal>
  <PropertyVal Name="AlertBeforeOverwriting">0</PropertyVal>
  <PropertyVal Name="Top">60</PropertyVal>
  <PropertyVal Name="Left">213</PropertyVal>
  <PropertyVal Name="Super">ExcelApplication</PropertyVal>
  <PropertyVal Name="Index">-2147483648</PropertyVal>
  <PropertyVal Name="Name">ExcelApplication1</PropertyVal>
  <ControlIndex>8</ControlIndex>
 </Control>
 <Control>
  <ControlClass>BevelButton</ControlClass>
  <ItemName>BevelButton</ItemName>
  <PropertyVal Name="Underline">False</PropertyVal>
  <PropertyVal Name="Italic">False</PropertyVal>
  <PropertyVal Name="Bold">False</PropertyVal>
  <PropertyVal Name="TextSize">0</PropertyVal>
  <PropertyVal Name="TextFont">System</PropertyVal>
  <PropertyVal Name="AcceptFocus">False</PropertyVal>
  <PropertyVal Name="ButtonType">0</PropertyVal>
  <PropertyVal Name="MenuValue">0</PropertyVal>
  <PropertyVal Name="Value">False</PropertyVal>
  <PropertyVal Name="HasMenu">0</PropertyVal>
  <PropertyVal Name="Bevel">0</PropertyVal>
  <PropertyVal Name="IconDY">0</PropertyVal>
  <PropertyVal Name="IconDX">0</PropertyVal>
  <PropertyVal Name="IconAlign">0</PropertyVal>
  <PropertyVal Name="Icon"></PropertyVal>
  <PropertyVal Name="CaptionDelta">0</PropertyVal>
  <PropertyVal Name="CaptionPlacement">1</PropertyVal>
  <PropertyVal Name="CaptionAlign">3</PropertyVal>
  <PropertyVal Name="Caption">Untitled</PropertyVal>
  <PropertyVal Name="Enabled">True</PropertyVal>
  <PropertyVal Name="AutoDeactivate">True</PropertyVal>
  <PropertyVal Name="HelpTag"></PropertyVal>
  <PropertyVal Name="Visible">True</PropertyVal>
  <PropertyVal Name="InitialParent"></PropertyVal>
  <PropertyVal Name="TabPanelIndex">0</PropertyVal>
  <PropertyVal Name="LockBottom"></PropertyVal>
  <PropertyVal Name="LockRight"></PropertyVal>
  <PropertyVal Name="LockTop"></PropertyVal>
  <PropertyVal Name="LockLeft"></PropertyVal>
  <PropertyVal Name="Height">22</PropertyVal>
  <PropertyVal Name="Width">60</PropertyVal>
  <PropertyVal Name="Top">9</PropertyVal>
  <PropertyVal Name="Left">9</PropertyVal>
  <PropertyVal Name="ControlOrder">4</PropertyVal>
  <PropertyVal Name="Super">BevelButton</PropertyVal>
  <PropertyVal Name="Index">-2147483648</PropertyVal>
  <PropertyVal Name="Name">BevelButton1</PropertyVal>
  <ControlIndex>0</ControlIndex>
 </Control>
 <Control>
  <ControlClass>Canvas</ControlClass>
  <ItemName>Canvas</ItemName>
  <PropertyVal Name="InitialParent"></PropertyVal>
  <PropertyVal Name="EraseBackground">True</PropertyVal>
  <PropertyVal Name="AcceptTabs"></PropertyVal>
  <PropertyVal Name="AcceptFocus"></PropertyVal>
  <PropertyVal Name="Backdrop"></PropertyVal>
  <PropertyVal Name="UseFocusRing">True</PropertyVal>
  <PropertyVal Name="Enabled">True</PropertyVal>
  <PropertyVal Name="AutoDeactivate">True</PropertyVal>
  <PropertyVal Name="HelpTag"></PropertyVal>
  <PropertyVal Name="Visible">True</PropertyVal>
  <PropertyVal Name="TabPanelIndex">0</PropertyVal>
  <PropertyVal Name="LockBottom"></PropertyVal>
  <PropertyVal Name="LockRight"></PropertyVal>
  <PropertyVal Name="LockTop"></PropertyVal>
  <PropertyVal Name="LockLeft"></PropertyVal>
  <PropertyVal Name="Height">100</PropertyVal>
  <PropertyVal Name="Width">100</PropertyVal>
  <PropertyVal Name="Top">7</PropertyVal>
  <PropertyVal Name="Left">78</PropertyVal>
  <PropertyVal Name="ControlOrder">5</PropertyVal>
  <PropertyVal Name="Super">Canvas</PropertyVal>
  <PropertyVal Name="Index">-2147483648</PropertyVal>
  <PropertyVal Name="Name">Canvas1</PropertyVal>
  <ControlIndex>1</ControlIndex>
 </Control>
 <Control>
  <ControlClass>CheckBox</ControlClass>
  <ItemName>CheckBox</ItemName>
  <PropertyVal Name="InitialParent"></PropertyVal>
  <PropertyVal Name="DataField"></PropertyVal>
  <PropertyVal Name="DataSource"></PropertyVal>
  <PropertyVal Name="Value"></PropertyVal>
  <PropertyVal Name="Underline"></PropertyVal>
  <PropertyVal Name="Italic"></PropertyVal>
  <PropertyVal Name="Bold"></PropertyVal>
  <PropertyVal Name="TextSize">0</PropertyVal>
  <PropertyVal Name="TextFont">System</PropertyVal>
  <PropertyVal Name="AutoDeactivate">True</PropertyVal>
  <PropertyVal Name="HelpTag"></PropertyVal>
  <PropertyVal Name="Visible">True</PropertyVal>
  <PropertyVal Name="Enabled">True</PropertyVal>
  <PropertyVal Name="Caption">Untitled</PropertyVal>
  <PropertyVal Name="TabPanelIndex">0</PropertyVal>
  <PropertyVal Name="LockBottom"></PropertyVal>
  <PropertyVal Name="LockRight"></PropertyVal>
  <PropertyVal Name="LockTop"></PropertyVal>
  <PropertyVal Name="LockLeft"></PropertyVal>
  <PropertyVal Name="Height">20</PropertyVal>
  <PropertyVal Name="Width">100</PropertyVal>
  <PropertyVal Name="Top">45</PropertyVal>
  <PropertyVal Name="Left">20</PropertyVal>
  <PropertyVal Name="ControlOrder">6</PropertyVal>
  <PropertyVal Name="Super">CheckBox</PropertyVal>
  <PropertyVal Name="Index">-2147483648</PropertyVal>
  <PropertyVal Name="Name">CheckBox1</PropertyVal>
  <ControlIndex>2</ControlIndex>
 </Control>
 <Control>
  <ControlClass>ComboBox</ControlClass>
  <ItemName>ComboBox</ItemName>
  <PropertyVal Name="InitialParent"></PropertyVal>
  <PropertyVal Name="AutoComplete">False</PropertyVal>
  <PropertyVal Name="DataField"></PropertyVal>
  <PropertyVal Name="DataSource"></PropertyVal>
  <PropertyVal Name="Underline"></PropertyVal>
  <PropertyVal Name="Italic"></PropertyVal>
  <PropertyVal Name="Bold"></PropertyVal>
  <PropertyVal Name="TextSize">0</PropertyVal>
  <PropertyVal Name="TextFont">System</PropertyVal>
  <PropertyVal Name="UseFocusRing">True</PropertyVal>
  <PropertyVal Name="AutoDeactivate">True</PropertyVal>
  <PropertyVal Name="HelpTag"></PropertyVal>
  <PropertyVal Name="Visible">True</PropertyVal>
  <PropertyVal Name="ListIndex">0</PropertyVal>
  <PropertyVal Name="InitialValue"></PropertyVal>
  <PropertyVal Name="Enabled">True</PropertyVal>
  <PropertyVal Name="TabPanelIndex">0</PropertyVal>
  <PropertyVal Name="LockBottom"></PropertyVal>
  <PropertyVal Name="LockRight"></PropertyVal>
  <PropertyVal Name="LockTop"></PropertyVal>
  <PropertyVal Name="LockLeft"></PropertyVal>
  <PropertyVal Name="Height">20</PropertyVal>
  <PropertyVal Name="Width">80</PropertyVal>
  <PropertyVal Name="Top">108</PropertyVal>
  <PropertyVal Name="Left">220</PropertyVal>
  <PropertyVal Name="ControlOrder">7</PropertyVal>
  <PropertyVal Name="Super">ComboBox</PropertyVal>
  <PropertyVal Name="Index">-2147483648</PropertyVal>
  <PropertyVal Name="Name">ComboBox1</PropertyVal>
  <ControlIndex>3</ControlIndex>
 </Control>
 <Control>
  <ControlClass>DatabaseQuery</ControlClass>
  <ItemName>DatabaseQuery</ItemName>
  <PropertyVal Name="TabPanelIndex">0</PropertyVal>
  <PropertyVal Name="InitialParent"></PropertyVal>
  <PropertyVal Name="Database"></PropertyVal>
  <PropertyVal Name="SQLQuery"></PropertyVal>
  <PropertyVal Name="Top">88</PropertyVal>
  <PropertyVal Name="Left">9</PropertyVal>
  <PropertyVal Name="ControlOrder">8</PropertyVal>
  <PropertyVal Name="Super">DatabaseQuery</PropertyVal>
  <PropertyVal Name="Index">-2147483648</PropertyVal>
  <PropertyVal Name="Name">DatabaseQuery1</PropertyVal>
  <ControlIndex>4</ControlIndex>
 </Control>
 <Control>
  <ControlClass>DataControl</ControlClass>
  <ItemName>DataControl</ItemName>
  <PropertyVal Name="InitialParent"></PropertyVal>
  <PropertyVal Name="Commit">True</PropertyVal>
  <PropertyVal Name="ReadOnly"></PropertyVal>
  <PropertyVal Name="SQLQuery"></PropertyVal>
  <PropertyVal Name="TableName"></PropertyVal>
  <PropertyVal Name="Database"></PropertyVal>
  <PropertyVal Name="Underline"></PropertyVal>
  <PropertyVal Name="Italic"></PropertyVal>
  <PropertyVal Name="Bold"></PropertyVal>
  <PropertyVal Name="TextSize">0</PropertyVal>
  <PropertyVal Name="TextFont">System</PropertyVal>
  <PropertyVal Name="AutoDeactivate">True</PropertyVal>
  <PropertyVal Name="HelpTag"></PropertyVal>
  <PropertyVal Name="Visible">True</PropertyVal>
  <PropertyVal Name="Enabled">True</PropertyVal>
  <PropertyVal Name="TextColor">0</PropertyVal>
  <PropertyVal Name="TextAlign">0</PropertyVal>
  <PropertyVal Name="Caption">Untitled</PropertyVal>
  <PropertyVal Name="TabPanelIndex">0</PropertyVal>
  <PropertyVal Name="LockBottom"></PropertyVal>
  <PropertyVal Name="LockRight"></PropertyVal>
  <PropertyVal Name="LockTop"></PropertyVal>
  <PropertyVal Name="LockLeft"></PropertyVal>
  <PropertyVal Name="Height">25</PropertyVal>
  <PropertyVal Name="Width">200</PropertyVal>
  <PropertyVal Name="Top">133</PropertyVal>
  <PropertyVal Name="Left">504</PropertyVal>
  <PropertyVal Name="ControlOrder">9</PropertyVal>
  <PropertyVal Name="Super">DataControl</PropertyVal>
  <PropertyVal Name="Index">-2147483648</PropertyVal>
  <PropertyVal Name="Name">DataControl1</PropertyVal>
  <ControlIndex>5</ControlIndex>
 </Control>
 <Control>
  <ControlClass>DisclosureTriangle</ControlClass>
  <ItemName>DisclosureTriangle</ItemName>
  <PropertyVal Name="AcceptFocus">False</PropertyVal>
  <PropertyVal Name="Facing">0</PropertyVal>
  <PropertyVal Name="Value">False</PropertyVal>
  <PropertyVal Name="Enabled">True</PropertyVal>
  <PropertyVal Name="AutoDeactivate">True</PropertyVal>
  <PropertyVal Name="HelpTag"></PropertyVal>
  <PropertyVal Name="Visible">True</PropertyVal>
  <PropertyVal Name="InitialParent"></PropertyVal>
  <PropertyVal Name="TabPanelIndex">0</PropertyVal>
  <PropertyVal Name="LockBottom"></PropertyVal>
  <PropertyVal Name="LockRight"></PropertyVal>
  <PropertyVal Name="LockTop"></PropertyVal>
  <PropertyVal Name="LockLeft"></PropertyVal>
  <PropertyVal Name="Height">18</PropertyVal>
  <PropertyVal Name="Width">18</PropertyVal>
  <PropertyVal Name="Top">140</PropertyVal>
  <PropertyVal Name="Left">140</PropertyVal>
  <PropertyVal Name="ControlOrder">10</PropertyVal>
  <PropertyVal Name="Super">DisclosureTriangle</PropertyVal>
  <PropertyVal Name="Index">-2147483648</PropertyVal>
  <PropertyVal Name="Name">DisclosureTriangle1</PropertyVal>
  <ControlIndex>6</ControlIndex>
 </Control>
 <Control>
  <ControlClass>EditField</ControlClass>
  <ItemName>EditField</ItemName>
  <PropertyVal Name="InitialParent"></PropertyVal>
  <PropertyVal Name="DataField"></PropertyVal>
  <PropertyVal Name="DataSource"></PropertyVal>
  <PropertyVal Name="Alignment">0</PropertyVal>
  <PropertyVal Name="AcceptTabs"></PropertyVal>
  <PropertyVal Name="LimitText">0</PropertyVal>
  <PropertyVal Name="ReadOnly"></PropertyVal>
  <PropertyVal Name="Mask"></PropertyVal>
  <PropertyVal Name="Text"></PropertyVal>
  <PropertyVal Name="Underline"></PropertyVal>
  <PropertyVal Name="Italic"></PropertyVal>
  <PropertyVal Name="Bold"></PropertyVal>
  <PropertyVal Name="TextSize">0</PropertyVal>
  <PropertyVal Name="TextFont">System</PropertyVal>
  <PropertyVal Name="AutoDeactivate">True</PropertyVal>
  <PropertyVal Name="HelpTag"></PropertyVal>
  <PropertyVal Name="Visible">True</PropertyVal>
  <PropertyVal Name="Format"></PropertyVal>
  <PropertyVal Name="Enabled">True</PropertyVal>
  <PropertyVal Name="BackColor">16777215</PropertyVal>
  <PropertyVal Name="TextColor">0</PropertyVal>
  <PropertyVal Name="UseFocusRing">True</PropertyVal>
  <PropertyVal Name="Password"></PropertyVal>
  <PropertyVal Name="Styled"></PropertyVal>
  <PropertyVal Name="ScrollbarVertical">True</PropertyVal>
  <PropertyVal Name="ScrollbarHorizontal"></PropertyVal>
  <PropertyVal Name="Multiline"></PropertyVal>
  <PropertyVal Name="Border">True</PropertyVal>
  <PropertyVal Name="TabPanelIndex">0</PropertyVal>
  <PropertyVal Name="LockBottom"></PropertyVal>
  <PropertyVal Name="LockRight"></PropertyVal>
  <PropertyVal Name="LockTop"></PropertyVal>
  <PropertyVal Name="LockLeft"></PropertyVal>
  <PropertyVal Name="Height">22</PropertyVal>
  <PropertyVal Name="Width">80</PropertyVal>
  <PropertyVal Name="Top">9</PropertyVal>
  <PropertyVal Name="Left">200</PropertyVal>
  <PropertyVal Name="ControlOrder">11</PropertyVal>
  <PropertyVal Name="Super">EditField</PropertyVal>
  <PropertyVal Name="Index">-2147483648</PropertyVal>
  <PropertyVal Name="Name">EditField1</PropertyVal>
  <ControlIndex>7</ControlIndex>
 </Control>
 <Control>
  <ControlClass>GroupBox</ControlClass>
  <ItemName>GroupBox</ItemName>
  <PropertyVal Name="InitialParent"></PropertyVal>
  <PropertyVal Name="Underline"></PropertyVal>
  <PropertyVal Name="Italic"></PropertyVal>
  <PropertyVal Name="Bold"></PropertyVal>
  <PropertyVal Name="TextSize">0</PropertyVal>
  <PropertyVal Name="TextFont">System</PropertyVal>
  <PropertyVal Name="AutoDeactivate">True</PropertyVal>
  <PropertyVal Name="HelpTag"></PropertyVal>
  <PropertyVal Name="Visible">True</PropertyVal>
  <PropertyVal Name="Enabled">True</PropertyVal>
  <PropertyVal Name="Caption">Untitled</PropertyVal>
  <PropertyVal Name="TabPanelIndex">0</PropertyVal>
  <PropertyVal Name="LockBottom"></PropertyVal>
  <PropertyVal Name="LockRight"></PropertyVal>
  <PropertyVal Name="LockTop"></PropertyVal>
  <PropertyVal Name="LockLeft"></PropertyVal>
  <PropertyVal Name="Height">100</PropertyVal>
  <PropertyVal Name="Width">100</PropertyVal>
  <PropertyVal Name="Top">156</PropertyVal>
  <PropertyVal Name="Left">232</PropertyVal>
  <PropertyVal Name="ControlOrder">12</PropertyVal>
  <PropertyVal Name="Super">GroupBox</PropertyVal>
  <PropertyVal Name="Index">-2147483648</PropertyVal>
  <PropertyVal Name="Name">GroupBox1</PropertyVal>
  <ControlIndex>9</ControlIndex>
 </Control>
 <Control>
  <ControlClass>HTMLViewer</ControlClass>
  <ItemName>HTMLViewer</ItemName>
  <PropertyVal Name="Enabled">True</PropertyVal>
  <PropertyVal Name="AutoDeactivate">True</PropertyVal>
  <PropertyVal Name="HelpTag"></PropertyVal>
  <PropertyVal Name="Visible">True</PropertyVal>
  <PropertyVal Name="InitialParent"></PropertyVal>
  <PropertyVal Name="TabPanelIndex">0</PropertyVal>
  <PropertyVal Name="LockBottom"></PropertyVal>
  <PropertyVal Name="LockRight"></PropertyVal>
  <PropertyVal Name="LockTop"></PropertyVal>
  <PropertyVal Name="LockLeft"></PropertyVal>
  <PropertyVal Name="Height">57</PropertyVal>
  <PropertyVal Name="Width">68</PropertyVal>
  <PropertyVal Name="Top">331</PropertyVal>
  <PropertyVal Name="Left">512</PropertyVal>
  <PropertyVal Name="ControlOrder">13</PropertyVal>
  <PropertyVal Name="Super">HTMLViewer</PropertyVal>
  <PropertyVal Name="Index">-2147483648</PropertyVal>
  <PropertyVal Name="Name">HTMLViewer1</PropertyVal>
  <ControlIndex>10</ControlIndex>
 </Control>
 <Control>
  <ControlClass>Line</ControlClass>
  <ItemName>Line</ItemName>
  <PropertyVal Name="InitialParent"></PropertyVal>
  <PropertyVal Name="LineColor">0</PropertyVal>
  <PropertyVal Name="BorderWidth">1</PropertyVal>
  <PropertyVal Name="Visible">True</PropertyVal>
  <PropertyVal Name="TabPanelIndex">0</PropertyVal>
  <PropertyVal Name="Y2">80</PropertyVal>
  <PropertyVal Name="Y1">30</PropertyVal>
  <PropertyVal Name="X2">632</PropertyVal>
  <PropertyVal Name="X1">532</PropertyVal>
  <PropertyVal Name="Height">50</PropertyVal>
  <PropertyVal Name="Width">100</PropertyVal>
  <PropertyVal Name="Left">532</PropertyVal>
  <PropertyVal Name="Top">30</PropertyVal>
  <PropertyVal Name="ControlOrder">14</PropertyVal>
  <PropertyVal Name="Super">Line</PropertyVal>
  <PropertyVal Name="Index">-2147483648</PropertyVal>
  <PropertyVal Name="Name">Line1</PropertyVal>
  <ControlIndex>11</ControlIndex>
 </Control>
 <Control>
  <ControlClass>ImageWell</ControlClass>
  <ItemName>ImageWell</ItemName>
  <PropertyVal Name="Image"></PropertyVal>
  <PropertyVal Name="Enabled">True</PropertyVal>
  <PropertyVal Name="AutoDeactivate">True</PropertyVal>
  <PropertyVal Name="HelpTag"></PropertyVal>
  <PropertyVal Name="Visible">True</PropertyVal>
  <PropertyVal Name="InitialParent"></PropertyVal>
  <PropertyVal Name="TabPanelIndex">0</PropertyVal>
  <PropertyVal Name="LockBottom"></PropertyVal>
  <PropertyVal Name="LockRight"></PropertyVal>
  <PropertyVal Name="LockTop"></PropertyVal>
  <PropertyVal Name="LockLeft"></PropertyVal>
  <PropertyVal Name="Height">32</PropertyVal>
  <PropertyVal Name="Width">32</PropertyVal>
  <PropertyVal Name="Top">224</PropertyVal>
  <PropertyVal Name="Left">54</PropertyVal>
  <PropertyVal Name="ControlOrder">15</PropertyVal>
  <PropertyVal Name="Super">ImageWell</PropertyVal>
  <PropertyVal Name="Index">-2147483648</PropertyVal>
  <PropertyVal Name="Name">ImageWell1</PropertyVal>
  <ControlIndex>12</ControlIndex>
 </Control>
 <Control>
  <ControlClass>ListBox</ControlClass>
  <ItemName>ListBox</ItemName>
  <PropertyVal Name="InitialParent"></PropertyVal>
  <PropertyVal Name="DataField"></PropertyVal>
  <PropertyVal Name="DataSource"></PropertyVal>
  <PropertyVal Name="AutoHideScrollbars">True</PropertyVal>
  <PropertyVal Name="ColumnsResizable"></PropertyVal>
  <PropertyVal Name="SelectionType">0</PropertyVal>
  <PropertyVal Name="RequiresSelection"></PropertyVal>
  <PropertyVal Name="EnableDragReorder"></PropertyVal>
  <PropertyVal Name="EnableDrag"></PropertyVal>
  <PropertyVal Name="Hierarchical"></PropertyVal>
  <PropertyVal Name="Underline"></PropertyVal>
  <PropertyVal Name="Italic"></PropertyVal>
  <PropertyVal Name="Bold"></PropertyVal>
  <PropertyVal Name="TextSize">0</PropertyVal>
  <PropertyVal Name="TextFont">System</PropertyVal>
  <PropertyVal Name="_ScrollOffset">0</PropertyVal>
  <PropertyVal Name="_ScrollWidth">-1</PropertyVal>
  <PropertyVal Name="DefaultRowHeight">-1</PropertyVal>
  <PropertyVal Name="GridLinesVertical">0</PropertyVal>
  <PropertyVal Name="GridLinesHorizontal">0</PropertyVal>
  <PropertyVal Name="ScrollBarVertical">True</PropertyVal>
  <PropertyVal Name="ScrollbarHorizontal"></PropertyVal>
  <PropertyVal Name="HeadingIndex">-1</PropertyVal>
  <PropertyVal Name="InitialValue"></PropertyVal>
  <PropertyVal Name="UseFocusRing">True</PropertyVal>
  <PropertyVal Name="HasHeading"></PropertyVal>
  <PropertyVal Name="ColumnWidths"></PropertyVal>
  <PropertyVal Name="ColumnCount">1</PropertyVal>
  <PropertyVal Name="Enabled">True</PropertyVal>
  <PropertyVal Name="AutoDeactivate">True</PropertyVal>
  <PropertyVal Name="HelpTag"></PropertyVal>
  <PropertyVal Name="Visible">True</PropertyVal>
  <PropertyVal Name="TabPanelIndex">0</PropertyVal>
  <PropertyVal Name="LockBottom"></PropertyVal>
  <PropertyVal Name="LockRight"></PropertyVal>
  <PropertyVal Name="LockTop"></PropertyVal>
  <PropertyVal Name="LockLeft"></PropertyVal>
  <PropertyVal Name="Height">100</PropertyVal>
  <PropertyVal Name="Width">100</PropertyVal>
  <PropertyVal Name="Top">20</PropertyVal>
  <PropertyVal Name="Left">350</PropertyVal>
  <PropertyVal Name="ControlOrder">16</PropertyVal>
  <PropertyVal Name="Super">ListBox</PropertyVal>
  <PropertyVal Name="Index">-2147483648</PropertyVal>
  <PropertyVal Name="Name">ListBox1</PropertyVal>
  <ControlIndex>13</ControlIndex>
 </Control>
 <Control>
  <ControlClass>MoviePlayer</ControlClass>
  <ItemName>MoviePlayer</ItemName>
  <PropertyVal Name="InitialParent"></PropertyVal>
  <PropertyVal Name="Palindrome"></PropertyVal>
  <PropertyVal Name="Looping"></PropertyVal>
  <PropertyVal Name="AutoPlay"></PropertyVal>
  <PropertyVal Name="Controller">2</PropertyVal>
  <PropertyVal Name="PlayerType">0</PropertyVal>
  <PropertyVal Name="Movie"></PropertyVal>
  <PropertyVal Name="AutoDeactivate">True</PropertyVal>
  <PropertyVal Name="HelpTag"></PropertyVal>
  <PropertyVal Name="Visible">True</PropertyVal>
  <PropertyVal Name="HasStep">True</PropertyVal>
  <PropertyVal Name="Speaker">True</PropertyVal>
  <PropertyVal Name="Border">True</PropertyVal>
  <PropertyVal Name="AutoResize">True</PropertyVal>
  <PropertyVal Name="TabPanelIndex">0</PropertyVal>
  <PropertyVal Name="LockBottom"></PropertyVal>
  <PropertyVal Name="LockRight"></PropertyVal>
  <PropertyVal Name="LockTop"></PropertyVal>
  <PropertyVal Name="LockLeft"></PropertyVal>
  <PropertyVal Name="Height">100</PropertyVal>
  <PropertyVal Name="Width">100</PropertyVal>
  <PropertyVal Name="Top">268</PropertyVal>
  <PropertyVal Name="Left">20</PropertyVal>
  <PropertyVal Name="ControlOrder">17</PropertyVal>
  <PropertyVal Name="Super">MoviePlayer</PropertyVal>
  <PropertyVal Name="Index">-2147483648</PropertyVal>
  <PropertyVal Name="Name">MoviePlayer1</PropertyVal>
  <ControlIndex>14</ControlIndex>
 </Control>
 <Control>
  <ControlClass>NotePlayer</ControlClass>
  <ItemName>NotePlayer</ItemName>
  <PropertyVal Name="TabPanelIndex">0</PropertyVal>
  <PropertyVal Name="InitialParent"></PropertyVal>
  <PropertyVal Name="Instrument">1</PropertyVal>
  <PropertyVal Name="Top">156</PropertyVal>
  <PropertyVal Name="Left">36</PropertyVal>
  <PropertyVal Name="ControlOrder">18</PropertyVal>
  <PropertyVal Name="Super">NotePlayer</PropertyVal>
  <PropertyVal Name="Index">-2147483648</PropertyVal>
  <PropertyVal Name="Name">NotePlayer1</PropertyVal>
  <ControlIndex>15</ControlIndex>
 </Control>
 <Control>
  <ControlClass>OLEContainer</ControlClass>
  <ItemName>OLEContainer</ItemName>
  <PropertyVal Name="InitialParent"></PropertyVal>
  <PropertyVal Name="ProgramID"></PropertyVal>
  <PropertyVal Name="AutoDeactivate">True</PropertyVal>
  <PropertyVal Name="HelpTag"></PropertyVal>
  <PropertyVal Name="Visible">True</PropertyVal>
  <PropertyVal Name="TabPanelIndex">0</PropertyVal>
  <PropertyVal Name="LockBottom"></PropertyVal>
  <PropertyVal Name="LockRight"></PropertyVal>
  <PropertyVal Name="LockTop"></PropertyVal>
  <PropertyVal Name="LockLeft"></PropertyVal>
  <PropertyVal Name="Height">100</PropertyVal>
  <PropertyVal Name="Width">100</PropertyVal>
  <PropertyVal Name="Top">180</PropertyVal>
  <PropertyVal Name="Left">504</PropertyVal>
  <PropertyVal Name="ControlOrder">19</PropertyVal>
  <PropertyVal Name="Super">OLEContainer</PropertyVal>
  <PropertyVal Name="Index">-2147483648</PropertyVal>
  <PropertyVal Name="Name">OLEContainer1</PropertyVal>
  <ControlIndex>16</ControlIndex>
 </Control>
 <Control>
  <ControlClass>Oval</ControlClass>
  <ItemName>Oval</ItemName>
  <PropertyVal Name="InitialParent"></PropertyVal>
  <PropertyVal Name="BorderColor">0</PropertyVal>
  <PropertyVal Name="BorderWidth">1</PropertyVal>
  <PropertyVal Name="FillColor">16777215</PropertyVal>
  <PropertyVal Name="Enabled">True</PropertyVal>
  <PropertyVal Name="AutoDeactivate">True</PropertyVal>
  <PropertyVal Name="HelpTag"></PropertyVal>
  <PropertyVal Name="Visible">True</PropertyVal>
  <PropertyVal Name="TabPanelIndex">0</PropertyVal>
  <PropertyVal Name="LockBottom"></PropertyVal>
  <PropertyVal Name="LockRight"></PropertyVal>
  <PropertyVal Name="LockTop"></PropertyVal>
  <PropertyVal Name="LockLeft"></PropertyVal>
  <PropertyVal Name="Height">100</PropertyVal>
  <PropertyVal Name="Width">100</PropertyVal>
  <PropertyVal Name="Top">277</PropertyVal>
  <PropertyVal Name="Left">233</PropertyVal>
  <PropertyVal Name="ControlOrder">20</PropertyVal>
  <PropertyVal Name="Super">Oval</PropertyVal>
  <PropertyVal Name="Index">-2147483648</PropertyVal>
  <PropertyVal Name="Name">Oval1</PropertyVal>
  <ControlIndex>17</ControlIndex>
 </Control>
 <Control>
  <ControlClass>PagePanel</ControlClass>
  <ItemName>PagePanel</ItemName>
  <PropertyVal Name="InitialParent"></PropertyVal>
  <PropertyVal Name="Enabled">True</PropertyVal>
  <PropertyVal Name="AutoDeactivate">True</PropertyVal>
  <PropertyVal Name="HelpTag"></PropertyVal>
  <PropertyVal Name="Visible">True</PropertyVal>
  <PropertyVal Name="Value">0</PropertyVal>
  <PropertyVal Name="Panels"></PropertyVal>
  <PropertyVal Name="PanelCount">2</PropertyVal>
  <PropertyVal Name="TabPanelIndex">0</PropertyVal>
  <PropertyVal Name="LockBottom"></PropertyVal>
  <PropertyVal Name="LockRight"></PropertyVal>
  <PropertyVal Name="LockTop"></PropertyVal>
  <PropertyVal Name="LockLeft"></PropertyVal>
  <PropertyVal Name="Height">100</PropertyVal>
  <PropertyVal Name="Width">200</PropertyVal>
  <PropertyVal Name="Top">422</PropertyVal>
  <PropertyVal Name="Left">6</PropertyVal>
  <PropertyVal Name="ControlOrder">21</PropertyVal>
  <PropertyVal Name="Super">PagePanel</PropertyVal>
  <PropertyVal Name="Index">-2147483648</PropertyVal>
  <PropertyVal Name="Name">PagePanel1</PropertyVal>
  <ControlIndex>18</ControlIndex>
 </Control>
 <Control>
  <ControlClass>Placard</ControlClass>
  <ItemName>Placard</ItemName>
  <PropertyVal Name="Value">False</PropertyVal>
  <PropertyVal Name="Enabled">True</PropertyVal>
  <PropertyVal Name="AutoDeactivate">True</PropertyVal>
  <PropertyVal Name="HelpTag"></PropertyVal>
  <PropertyVal Name="Visible">True</PropertyVal>
  <PropertyVal Name="InitialParent"></PropertyVal>
  <PropertyVal Name="TabPanelIndex">0</PropertyVal>
  <PropertyVal Name="LockBottom"></PropertyVal>
  <PropertyVal Name="LockRight"></PropertyVal>
  <PropertyVal Name="LockTop"></PropertyVal>
  <PropertyVal Name="LockLeft"></PropertyVal>
  <PropertyVal Name="Height">64</PropertyVal>
  <PropertyVal Name="Width">64</PropertyVal>
  <PropertyVal Name="Top">472</PropertyVal>
  <PropertyVal Name="Left">336</PropertyVal>
  <PropertyVal Name="ControlOrder">22</PropertyVal>
  <PropertyVal Name="Super">Placard</PropertyVal>
  <PropertyVal Name="Index">-2147483648</PropertyVal>
  <PropertyVal Name="Name">Placard1</PropertyVal>
  <ControlIndex>19</ControlIndex>
 </Control>
 <Control>
  <ControlClass>PopupArrow</ControlClass>
  <ItemName>PopupArrow</ItemName>
  <PropertyVal Name="Facing">0</PropertyVal>
  <PropertyVal Name="Enabled">True</PropertyVal>
  <PropertyVal Name="AutoDeactivate">True</PropertyVal>
  <PropertyVal Name="HelpTag"></PropertyVal>
  <PropertyVal Name="Visible">True</PropertyVal>
  <PropertyVal Name="InitialParent"></PropertyVal>
  <PropertyVal Name="TabPanelIndex">0</PropertyVal>
  <PropertyVal Name="LockBottom"></PropertyVal>
  <PropertyVal Name="LockRight"></PropertyVal>
  <PropertyVal Name="LockTop"></PropertyVal>
  <PropertyVal Name="LockLeft"></PropertyVal>
  <PropertyVal Name="Height">10</PropertyVal>
  <PropertyVal Name="Width">10</PropertyVal>
  <PropertyVal Name="Top">472</PropertyVal>
  <PropertyVal Name="Left">473</PropertyVal>
  <PropertyVal Name="ControlOrder">23</PropertyVal>
  <PropertyVal Name="Super">PopupArrow</PropertyVal>
  <PropertyVal Name="Index">-2147483648</PropertyVal>
  <PropertyVal Name="Name">PopupArrow1</PropertyVal>
  <ControlIndex>20</ControlIndex>
 </Control>
 <Control>
  <ControlClass>PopupMenu</ControlClass>
  <ItemName>PopupMenu</ItemName>
  <PropertyVal Name="InitialParent"></PropertyVal>
  <PropertyVal Name="DataField"></PropertyVal>
  <PropertyVal Name="DataSource"></PropertyVal>
  <PropertyVal Name="Underline"></PropertyVal>
  <PropertyVal Name="Italic"></PropertyVal>
  <PropertyVal Name="Bold"></PropertyVal>
  <PropertyVal Name="TextSize">0</PropertyVal>
  <PropertyVal Name="TextFont">System</PropertyVal>
  <PropertyVal Name="AutoDeactivate">True</PropertyVal>
  <PropertyVal Name="HelpTag"></PropertyVal>
  <PropertyVal Name="Visible">True</PropertyVal>
  <PropertyVal Name="ListIndex">0</PropertyVal>
  <PropertyVal Name="InitialValue"></PropertyVal>
  <PropertyVal Name="Enabled">True</PropertyVal>
  <PropertyVal Name="TabPanelIndex">0</PropertyVal>
  <PropertyVal Name="LockBottom"></PropertyVal>
  <PropertyVal Name="LockRight"></PropertyVal>
  <PropertyVal Name="LockTop"></PropertyVal>
  <PropertyVal Name="LockLeft"></PropertyVal>
  <PropertyVal Name="Height">20</PropertyVal>
  <PropertyVal Name="Width">80</PropertyVal>
  <PropertyVal Name="Top">402</PropertyVal>
  <PropertyVal Name="Left">295</PropertyVal>
  <PropertyVal Name="ControlOrder">24</PropertyVal>
  <PropertyVal Name="Super">PopupMenu</PropertyVal>
  <PropertyVal Name="Index">-2147483648</PropertyVal>
  <PropertyVal Name="Name">PopupMenu1</PropertyVal>
  <ControlIndex>21</ControlIndex>
 </Control>
 <Control>
  <ControlClass>ProgressBar</ControlClass>
  <ItemName>ProgressBar</ItemName>
  <PropertyVal Name="InitialParent"></PropertyVal>
  <PropertyVal Name="Maximum">100</PropertyVal>
  <PropertyVal Name="Value">0</PropertyVal>
  <PropertyVal Name="Enabled">True</PropertyVal>
  <PropertyVal Name="AutoDeactivate">True</PropertyVal>
  <PropertyVal Name="HelpTag"></PropertyVal>
  <PropertyVal Name="Visible">True</PropertyVal>
  <PropertyVal Name="TabPanelIndex">0</PropertyVal>
  <PropertyVal Name="LockBottom"></PropertyVal>
  <PropertyVal Name="LockRight"></PropertyVal>
  <PropertyVal Name="LockTop"></PropertyVal>
  <PropertyVal Name="LockLeft"></PropertyVal>
  <PropertyVal Name="Height">20</PropertyVal>
  <PropertyVal Name="Width">100</PropertyVal>
  <PropertyVal Name="Top">338</PropertyVal>
  <PropertyVal Name="Left">588</PropertyVal>
  <PropertyVal Name="ControlOrder">25</PropertyVal>
  <PropertyVal Name="Super">ProgressBar</PropertyVal>
  <PropertyVal Name="Index">-2147483648</PropertyVal>
  <PropertyVal Name="Name">ProgressBar1</PropertyVal>
  <ControlIndex>23</ControlIndex>
 </Control>
 <Control>
  <ControlClass>ProgressWheel</ControlClass>
  <ItemName>ProgressWheel</ItemName>
  <PropertyVal Name="Enabled">True</PropertyVal>
  <PropertyVal Name="AutoDeactivate">True</PropertyVal>
  <PropertyVal Name="HelpTag"></PropertyVal>
  <PropertyVal Name="Visible">True</PropertyVal>
  <PropertyVal Name="InitialParent"></PropertyVal>
  <PropertyVal Name="TabPanelIndex">0</PropertyVal>
  <PropertyVal Name="LockBottom"></PropertyVal>
  <PropertyVal Name="LockRight"></PropertyVal>
  <PropertyVal Name="LockTop"></PropertyVal>
  <PropertyVal Name="LockLeft"></PropertyVal>
  <PropertyVal Name="Height">16</PropertyVal>
  <PropertyVal Name="Width">16</PropertyVal>
  <PropertyVal Name="Top">277</PropertyVal>
  <PropertyVal Name="Left">173</PropertyVal>
  <PropertyVal Name="ControlOrder">26</PropertyVal>
  <PropertyVal Name="Super">ProgressWheel</PropertyVal>
  <PropertyVal Name="Index">-2147483648</PropertyVal>
  <PropertyVal Name="Name">ProgressWheel1</PropertyVal>
  <ControlIndex>24</ControlIndex>
 </Control>
 <Control>
  <ControlClass>PushButton</ControlClass>
  <ItemName>PushButton</ItemName>
  <PropertyVal Name="InitialParent"></PropertyVal>
  <PropertyVal Name="Underline"></PropertyVal>
  <PropertyVal Name="Italic"></PropertyVal>
  <PropertyVal Name="Bold"></PropertyVal>
  <PropertyVal Name="TextSize">0</PropertyVal>
  <PropertyVal Name="TextFont">System</PropertyVal>
  <PropertyVal Name="AutoDeactivate">True</PropertyVal>
  <PropertyVal Name="HelpTag"></PropertyVal>
  <PropertyVal Name="Visible">True</PropertyVal>
  <PropertyVal Name="Enabled">True</PropertyVal>
  <PropertyVal Name="Cancel"></PropertyVal>
  <PropertyVal Name="Default"></PropertyVal>
  <PropertyVal Name="Caption">Untitled</PropertyVal>
  <PropertyVal Name="TabPanelIndex">0</PropertyVal>
  <PropertyVal Name="LockBottom"></PropertyVal>
  <PropertyVal Name="LockRight"></PropertyVal>
  <PropertyVal Name="LockTop"></PropertyVal>
  <PropertyVal Name="LockLeft"></PropertyVal>
  <PropertyVal Name="Height">20</PropertyVal>
  <PropertyVal Name="Width">80</PropertyVal>
  <PropertyVal Name="Top">371</PropertyVal>
  <PropertyVal Name="Left">159</PropertyVal>
  <PropertyVal Name="ControlOrder">27</PropertyVal>
  <PropertyVal Name="Super">PushButton</PropertyVal>
  <PropertyVal Name="Index">-2147483648</PropertyVal>
  <PropertyVal Name="Name">PushButton1</PropertyVal>
  <ControlIndex>25</ControlIndex>
 </Control>
 <Control>
  <ControlClass>RadioButton</ControlClass>
  <ItemName>RadioButton</ItemName>
  <PropertyVal Name="InitialParent"></PropertyVal>
  <PropertyVal Name="Value"></PropertyVal>
  <PropertyVal Name="Underline"></PropertyVal>
  <PropertyVal Name="Italic"></PropertyVal>
  <PropertyVal Name="Bold"></PropertyVal>
  <PropertyVal Name="TextSize">0</PropertyVal>
  <PropertyVal Name="TextFont">System</PropertyVal>
  <PropertyVal Name="AutoDeactivate">True</PropertyVal>
  <PropertyVal Name="HelpTag"></PropertyVal>
  <PropertyVal Name="Visible">True</PropertyVal>
  <PropertyVal Name="Enabled">True</PropertyVal>
  <PropertyVal Name="Caption">Untitled</PropertyVal>
  <PropertyVal Name="TabPanelIndex">0</PropertyVal>
  <PropertyVal Name="LockBottom"></PropertyVal>
  <PropertyVal Name="LockRight"></PropertyVal>
  <PropertyVal Name="LockTop"></PropertyVal>
  <PropertyVal Name="LockLeft"></PropertyVal>
  <PropertyVal Name="Height">20</PropertyVal>
  <PropertyVal Name="Width">100</PropertyVal>
  <PropertyVal Name="Top">258</PropertyVal>
  <PropertyVal Name="Left">349</PropertyVal>
  <PropertyVal Name="ControlOrder">28</PropertyVal>
  <PropertyVal Name="Super">RadioButton</PropertyVal>
  <PropertyVal Name="Index">-2147483648</PropertyVal>
  <PropertyVal Name="Name">RadioButton1</PropertyVal>
  <ControlIndex>26</ControlIndex>
 </Control>
 <Control>
  <ControlClass>RbScript</ControlClass>
  <ItemName>RbScript</ItemName>
  <PropertyVal Name="InitialParent"></PropertyVal>
  <PropertyVal Name="TabPanelIndex">0</PropertyVal>
  <PropertyVal Name="Source"></PropertyVal>
  <PropertyVal Name="EncodingFont"></PropertyVal>
  <PropertyVal Name="Top">537</PropertyVal>
  <PropertyVal Name="Left">61</PropertyVal>
  <PropertyVal Name="ControlOrder">29</PropertyVal>
  <PropertyVal Name="Super">RbScript</PropertyVal>
  <PropertyVal Name="Index">-2147483648</PropertyVal>
  <PropertyVal Name="Name">RbScript1</PropertyVal>
  <ControlIndex>28</ControlIndex>
 </Control>
 <Control>
  <ControlClass>Rectangle</ControlClass>
  <ItemName>Rectangle</ItemName>
  <PropertyVal Name="InitialParent"></PropertyVal>
  <PropertyVal Name="BottomRightColor">0</PropertyVal>
  <PropertyVal Name="TopLeftColor">0</PropertyVal>
  <PropertyVal Name="BorderWidth">1</PropertyVal>
  <PropertyVal Name="FillColor">16777215</PropertyVal>
  <PropertyVal Name="Enabled">True</PropertyVal>
  <PropertyVal Name="AutoDeactivate">True</PropertyVal>
  <PropertyVal Name="HelpTag"></PropertyVal>
  <PropertyVal Name="Visible">True</PropertyVal>
  <PropertyVal Name="TabPanelIndex">0</PropertyVal>
  <PropertyVal Name="LockBottom"></PropertyVal>
  <PropertyVal Name="LockRight"></PropertyVal>
  <PropertyVal Name="LockTop"></PropertyVal>
  <PropertyVal Name="LockLeft"></PropertyVal>
  <PropertyVal Name="Height">100</PropertyVal>
  <PropertyVal Name="Width">100</PropertyVal>
  <PropertyVal Name="Top">489</PropertyVal>
  <PropertyVal Name="Left">156</PropertyVal>
  <PropertyVal Name="ControlOrder">30</PropertyVal>
  <PropertyVal Name="Super">Rectangle</PropertyVal>
  <PropertyVal Name="Index">-2147483648</PropertyVal>
  <PropertyVal Name="Name">Rectangle1</PropertyVal>
  <ControlIndex>29</ControlIndex>
 </Control>
 <Control>
  <ControlClass>RoundRectangle</ControlClass>
  <ItemName>RoundRectangle</ItemName>
  <PropertyVal Name="InitialParent"></PropertyVal>
  <PropertyVal Name="OvalHeight">16</PropertyVal>
  <PropertyVal Name="OvalWidth">16</PropertyVal>
  <PropertyVal Name="BorderColor">0</PropertyVal>
  <PropertyVal Name="BorderWidth">1</PropertyVal>
  <PropertyVal Name="FillColor">16777215</PropertyVal>
  <PropertyVal Name="Enabled">True</PropertyVal>
  <PropertyVal Name="AutoDeactivate">True</PropertyVal>
  <PropertyVal Name="HelpTag"></PropertyVal>
  <PropertyVal Name="Visible">True</PropertyVal>
  <PropertyVal Name="TabPanelIndex">0</PropertyVal>
  <PropertyVal Name="LockBottom"></PropertyVal>
  <PropertyVal Name="LockRight"></PropertyVal>
  <PropertyVal Name="LockTop"></PropertyVal>
  <PropertyVal Name="LockLeft"></PropertyVal>
  <PropertyVal Name="Height">100</PropertyVal>
  <PropertyVal Name="Width">100</PropertyVal>
  <PropertyVal Name="Top">360</PropertyVal>
  <PropertyVal Name="Left">28</PropertyVal>
  <PropertyVal Name="ControlOrder">31</PropertyVal>
  <PropertyVal Name="Super">RoundRectangle</PropertyVal>
  <PropertyVal Name="Index">-2147483648</PropertyVal>
  <PropertyVal Name="Name">RoundRectangle1</PropertyVal>
  <ControlIndex>30</ControlIndex>
 </Control>
 <Control>
  <ControlClass>ScrollBar</ControlClass>
  <ItemName>ScrollBar</ItemName>
  <PropertyVal Name="InitialParent"></PropertyVal>
  <PropertyVal Name="AcceptFocus">true</PropertyVal>
  <PropertyVal Name="LiveScroll"></PropertyVal>
  <PropertyVal Name="PageStep">20</PropertyVal>
  <PropertyVal Name="LineStep">1</PropertyVal>
  <PropertyVal Name="Maximum">100</PropertyVal>
  <PropertyVal Name="Value">0</PropertyVal>
  <PropertyVal Name="Minimum">0</PropertyVal>
  <PropertyVal Name="AutoDeactivate">True</PropertyVal>
  <PropertyVal Name="HelpTag"></PropertyVal>
  <PropertyVal Name="Visible">True</PropertyVal>
  <PropertyVal Name="Enabled">True</PropertyVal>
  <PropertyVal Name="TabPanelIndex">0</PropertyVal>
  <PropertyVal Name="LockBottom"></PropertyVal>
  <PropertyVal Name="LockRight"></PropertyVal>
  <PropertyVal Name="LockTop"></PropertyVal>
  <PropertyVal Name="LockLeft"></PropertyVal>
  <PropertyVal Name="Height">100</PropertyVal>
  <PropertyVal Name="Width">16</PropertyVal>
  <PropertyVal Name="Top">481</PropertyVal>
  <PropertyVal Name="Left">4</PropertyVal>
  <PropertyVal Name="ControlOrder">32</PropertyVal>
  <PropertyVal Name="Super">ScrollBar</PropertyVal>
  <PropertyVal Name="Index">-2147483648</PropertyVal>
  <PropertyVal Name="Name">ScrollBar1</PropertyVal>
  <ControlIndex>31</ControlIndex>
 </Control>
 <Control>
  <ControlClass>Separator</ControlClass>
  <ItemName>Separator</ItemName>
  <PropertyVal Name="Enabled">True</PropertyVal>
  <PropertyVal Name="AutoDeactivate">True</PropertyVal>
  <PropertyVal Name="HelpTag"></PropertyVal>
  <PropertyVal Name="Visible">True</PropertyVal>
  <PropertyVal Name="InitialParent"></PropertyVal>
  <PropertyVal Name="TabPanelIndex">0</PropertyVal>
  <PropertyVal Name="LockBottom"></PropertyVal>
  <PropertyVal Name="LockRight"></PropertyVal>
  <PropertyVal Name="LockTop"></PropertyVal>
  <PropertyVal Name="LockLeft"></PropertyVal>
  <PropertyVal Name="Height">4</PropertyVal>
  <PropertyVal Name="Width">64</PropertyVal>
  <PropertyVal Name="Top">546</PropertyVal>
  <PropertyVal Name="Left">13</PropertyVal>
  <PropertyVal Name="ControlOrder">33</PropertyVal>
  <PropertyVal Name="Super">Separator</PropertyVal>
  <PropertyVal Name="Index">-2147483648</PropertyVal>
  <PropertyVal Name="Name">Separator1</PropertyVal>
  <ControlIndex>32</ControlIndex>
 </Control>
 <Control>
  <ControlClass>Serial</ControlClass>
  <ItemName>Serial</ItemName>
  <PropertyVal Name="InitialParent"></PropertyVal>
  <PropertyVal Name="TabPanelIndex">0</PropertyVal>
  <PropertyVal Name="DTR"></PropertyVal>
  <PropertyVal Name="CTS"></PropertyVal>
  <PropertyVal Name="XON"></PropertyVal>
  <PropertyVal Name="Stop">0</PropertyVal>
  <PropertyVal Name="Parity">0</PropertyVal>
  <PropertyVal Name="Bits">3</PropertyVal>
  <PropertyVal Name="Baud">13</PropertyVal>
  <PropertyVal Name="Top">521</PropertyVal>
  <PropertyVal Name="Left">276</PropertyVal>
  <PropertyVal Name="ControlOrder">34</PropertyVal>
  <PropertyVal Name="Super">Serial</PropertyVal>
  <PropertyVal Name="Index">-2147483648</PropertyVal>
  <PropertyVal Name="Name">Serial1</PropertyVal>
  <ControlIndex>33</ControlIndex>
 </Control>
 <Control>
  <ControlClass>ServerSocket</ControlClass>
  <ItemName>ServerSocket</ItemName>
  <PropertyVal Name="InitialParent"></PropertyVal>
  <PropertyVal Name="TabPanelIndex">0</PropertyVal>
  <PropertyVal Name="MaximumSocketsConnected">10</PropertyVal>
  <PropertyVal Name="MinimumSocketsAvailable">2</PropertyVal>
  <PropertyVal Name="Port">0</PropertyVal>
  <PropertyVal Name="Top">220</PropertyVal>
  <PropertyVal Name="Left">130</PropertyVal>
  <PropertyVal Name="ControlOrder">35</PropertyVal>
  <PropertyVal Name="Super">ServerSocket</PropertyVal>
  <PropertyVal Name="Index">-2147483648</PropertyVal>
  <PropertyVal Name="Name">ServerSocket1</PropertyVal>
  <ControlIndex>34</ControlIndex>
 </Control>
 <Control>
  <ControlClass>Slider</ControlClass>
  <ItemName>Slider</ItemName>
  <PropertyVal Name="InitialParent"></PropertyVal>
  <PropertyVal Name="LiveScroll"></PropertyVal>
  <PropertyVal Name="PageStep">20</PropertyVal>
  <PropertyVal Name="LineStep">1</PropertyVal>
  <PropertyVal Name="Maximum">100</PropertyVal>
  <PropertyVal Name="Value">0</PropertyVal>
  <PropertyVal Name="Minimum">0</PropertyVal>
  <PropertyVal Name="AutoDeactivate">True</PropertyVal>
  <PropertyVal Name="HelpTag"></PropertyVal>
  <PropertyVal Name="Visible">True</PropertyVal>
  <PropertyVal Name="Enabled">True</PropertyVal>
  <PropertyVal Name="TabPanelIndex">0</PropertyVal>
  <PropertyVal Name="LockBottom"></PropertyVal>
  <PropertyVal Name="LockRight"></PropertyVal>
  <PropertyVal Name="LockTop"></PropertyVal>
  <PropertyVal Name="LockLeft"></PropertyVal>
  <PropertyVal Name="Height">16</PropertyVal>
  <PropertyVal Name="Width">100</PropertyVal>
  <PropertyVal Name="Top">323</PropertyVal>
  <PropertyVal Name="Left">136</PropertyVal>
  <PropertyVal Name="ControlOrder">36</PropertyVal>
  <PropertyVal Name="Super">Slider</PropertyVal>
  <PropertyVal Name="Index">-2147483648</PropertyVal>
  <PropertyVal Name="Name">Slider1</PropertyVal>
  <ControlIndex>35</ControlIndex>
 </Control>
 <Control>
  <ControlClass>SpriteSurface</ControlClass>
  <ItemName>SpriteSurface</ItemName>
  <PropertyVal Name="SurfaceTop">0</PropertyVal>
  <PropertyVal Name="SurfaceLeft">0</PropertyVal>
  <PropertyVal Name="SurfaceHeight">192</PropertyVal>
  <PropertyVal Name="SurfaceWidth">256</PropertyVal>
  <PropertyVal Name="Depth">8</PropertyVal>
  <PropertyVal Name="Backdrop"></PropertyVal>
  <PropertyVal Name="ClickToStop">True</PropertyVal>
  <PropertyVal Name="FrameSpeed">0</PropertyVal>
  <PropertyVal Name="Enabled">True</PropertyVal>
  <PropertyVal Name="AutoDeactivate">True</PropertyVal>
  <PropertyVal Name="HelpTag"></PropertyVal>
  <PropertyVal Name="Visible">True</PropertyVal>
  <PropertyVal Name="InitialParent"></PropertyVal>
  <PropertyVal Name="TabPanelIndex">0</PropertyVal>
  <PropertyVal Name="LockBottom"></PropertyVal>
  <PropertyVal Name="LockRight"></PropertyVal>
  <PropertyVal Name="LockTop"></PropertyVal>
  <PropertyVal Name="LockLeft"></PropertyVal>
  <PropertyVal Name="Height">192</PropertyVal>
  <PropertyVal Name="Width">256</PropertyVal>
  <PropertyVal Name="Top">361</PropertyVal>
  <PropertyVal Name="Left">555</PropertyVal>
  <PropertyVal Name="ControlOrder">37</PropertyVal>
  <PropertyVal Name="Super">SpriteSurface</PropertyVal>
  <PropertyVal Name="Index">-2147483648</PropertyVal>
  <PropertyVal Name="Name">SpriteSurface1</PropertyVal>
  <ControlIndex>37</ControlIndex>
 </Control>
 <Control>
  <ControlClass>StaticText</ControlClass>
  <ItemName>StaticText</ItemName>
  <PropertyVal Name="InitialParent"></PropertyVal>
  <PropertyVal Name="DataField"></PropertyVal>
  <PropertyVal Name="DataSource"></PropertyVal>
  <PropertyVal Name="Underline"></PropertyVal>
  <PropertyVal Name="Italic"></PropertyVal>
  <PropertyVal Name="Bold"></PropertyVal>
  <PropertyVal Name="TextSize">0</PropertyVal>
  <PropertyVal Name="TextFont">System</PropertyVal>
  <PropertyVal Name="AutoDeactivate">True</PropertyVal>
  <PropertyVal Name="HelpTag"></PropertyVal>
  <PropertyVal Name="Visible">True</PropertyVal>
  <PropertyVal Name="Enabled">True</PropertyVal>
  <PropertyVal Name="Multiline"></PropertyVal>
  <PropertyVal Name="TextColor">0</PropertyVal>
  <PropertyVal Name="TextAlign">0</PropertyVal>
  <PropertyVal Name="Text">Untitled</PropertyVal>
  <PropertyVal Name="TabPanelIndex">0</PropertyVal>
  <PropertyVal Name="LockBottom"></PropertyVal>
  <PropertyVal Name="LockRight"></PropertyVal>
  <PropertyVal Name="LockTop"></PropertyVal>
  <PropertyVal Name="LockLeft"></PropertyVal>
  <PropertyVal Name="Height">20</PropertyVal>
  <PropertyVal Name="Width">100</PropertyVal>
  <PropertyVal Name="Top">440</PropertyVal>
  <PropertyVal Name="Left">274</PropertyVal>
  <PropertyVal Name="ControlOrder">38</PropertyVal>
  <PropertyVal Name="Super">StaticText</PropertyVal>
  <PropertyVal Name="Index">-2147483648</PropertyVal>
  <PropertyVal Name="Name">StaticText1</PropertyVal>
  <ControlIndex>38</ControlIndex>
 </Control>
 <Control>
  <ControlClass>TabPanel</ControlClass>
  <ItemName>TabPanel</ItemName>
  <PropertyVal Name="Underline"></PropertyVal>
  <PropertyVal Name="Italic"></PropertyVal>
  <PropertyVal Name="Bold"></PropertyVal>
  <PropertyVal Name="TextSize">0</PropertyVal>
  <PropertyVal Name="TextFont">System</PropertyVal>
  <PropertyVal Name="Enabled">True</PropertyVal>
  <PropertyVal Name="AutoDeactivate">True</PropertyVal>
  <PropertyVal Name="HelpTag"></PropertyVal>
  <PropertyVal Name="Visible">True</PropertyVal>
  <PropertyVal Name="Value">0</PropertyVal>
  <PropertyVal Name="SmallTabs"></PropertyVal>
  <PropertyVal Name="Panels"></PropertyVal>
  <PropertyVal Name="TabDefinition">Tab 0Tab 1</PropertyVal>
  <PropertyVal Name="Facing">0</PropertyVal>
  <PropertyVal Name="TabPanelIndex">0</PropertyVal>
  <PropertyVal Name="LockBottom"></PropertyVal>
  <PropertyVal Name="LockRight"></PropertyVal>
  <PropertyVal Name="LockTop"></PropertyVal>
  <PropertyVal Name="LockLeft"></PropertyVal>
  <PropertyVal Name="Height">100</PropertyVal>
  <PropertyVal Name="Width">200</PropertyVal>
  <PropertyVal Name="Top">352</PropertyVal>
  <PropertyVal Name="Left">51</PropertyVal>
  <PropertyVal Name="ControlOrder">39</PropertyVal>
  <PropertyVal Name="Super">TabPanel</PropertyVal>
  <PropertyVal Name="Index">-2147483648</PropertyVal>
  <PropertyVal Name="Name">TabPanel1</PropertyVal>
  <ControlIndex>39</ControlIndex>
 </Control>
 <Control>
  <ControlClass>TCPSocket</ControlClass>
  <ItemName>TCPSocket</ItemName>
  <PropertyVal Name="TabPanelIndex">0</PropertyVal>
  <PropertyVal Name="Port">0</PropertyVal>
  <PropertyVal Name="Address"></PropertyVal>
  <PropertyVal Name="Top">487</PropertyVal>
  <PropertyVal Name="Left">288</PropertyVal>
  <PropertyVal Name="ControlOrder">40</PropertyVal>
  <PropertyVal Name="Super">TCPSocket</PropertyVal>
  <PropertyVal Name="Index">-2147483648</PropertyVal>
  <PropertyVal Name="Name">TCPSocket1</PropertyVal>
  <ControlIndex>40</ControlIndex>
 </Control>
 <Control>
  <ControlClass>Thread</ControlClass>
  <ItemName>Thread</ItemName>
  <PropertyVal Name="TabPanelIndex">0</PropertyVal>
  <PropertyVal Name="StackSize">0</PropertyVal>
  <PropertyVal Name="Priority">5</PropertyVal>
  <PropertyVal Name="Top">312</PropertyVal>
  <PropertyVal Name="Left">383</PropertyVal>
  <PropertyVal Name="ControlOrder">41</PropertyVal>
  <PropertyVal Name="Super">Thread</PropertyVal>
  <PropertyVal Name="Index">-2147483648</PropertyVal>
  <PropertyVal Name="Name">Thread1</PropertyVal>
  <ControlIndex>41</ControlIndex>
 </Control>
 <Control>
  <ControlClass>Timer</ControlClass>
  <ItemName>Timer</ItemName>
  <PropertyVal Name="TabPanelIndex">0</PropertyVal>
  <PropertyVal Name="Period">1000</PropertyVal>
  <PropertyVal Name="Mode">2</PropertyVal>
  <PropertyVal Name="Top">152</PropertyVal>
  <PropertyVal Name="Left">355</PropertyVal>
  <PropertyVal Name="ControlOrder">42</PropertyVal>
  <PropertyVal Name="Super">Timer</PropertyVal>
  <PropertyVal Name="Index">-2147483648</PropertyVal>
  <PropertyVal Name="Name">Timer1</PropertyVal>
  <ControlIndex>42</ControlIndex>
 </Control>
 <Control>
  <ControlClass>UDPSocket</ControlClass>
  <ItemName>UDPSocket</ItemName>
  <PropertyVal Name="TabPanelIndex">0</PropertyVal>
  <PropertyVal Name="Port">0</PropertyVal>
  <PropertyVal Name="SendToSelf">False</PropertyVal>
  <PropertyVal Name="RouterHops">32</PropertyVal>
  <PropertyVal Name="Top">137</PropertyVal>
  <PropertyVal Name="Left">416</PropertyVal>
  <PropertyVal Name="ControlOrder">43</PropertyVal>
  <PropertyVal Name="Super">UDPSocket</PropertyVal>
  <PropertyVal Name="Index">-2147483648</PropertyVal>
  <PropertyVal Name="Name">UDPSocket1</PropertyVal>
  <ControlIndex>43</ControlIndex>
 </Control>
 <Control>
  <ControlClass>UpDownArrows</ControlClass>
  <ItemName>UpDownArrows</ItemName>
  <PropertyVal Name="AcceptFocus">False</PropertyVal>
  <PropertyVal Name="Enabled">True</PropertyVal>
  <PropertyVal Name="AutoDeactivate">True</PropertyVal>
  <PropertyVal Name="HelpTag"></PropertyVal>
  <PropertyVal Name="Visible">True</PropertyVal>
  <PropertyVal Name="InitialParent"></PropertyVal>
  <PropertyVal Name="TabPanelIndex">0</PropertyVal>
  <PropertyVal Name="LockBottom"></PropertyVal>
  <PropertyVal Name="LockRight"></PropertyVal>
  <PropertyVal Name="LockTop"></PropertyVal>
  <PropertyVal Name="LockLeft"></PropertyVal>
  <PropertyVal Name="Height">23</PropertyVal>
  <PropertyVal Name="Width">13</PropertyVal>
  <PropertyVal Name="Top">218</PropertyVal>
  <PropertyVal Name="Left">697</PropertyVal>
  <PropertyVal Name="ControlOrder">44</PropertyVal>
  <PropertyVal Name="Super">UpDownArrows</PropertyVal>
  <PropertyVal Name="Index">-2147483648</PropertyVal>
  <PropertyVal Name="Name">UpDownArrows1</PropertyVal>
  <ControlIndex>44</ControlIndex>
 </Control>
 <Control>
  <ControlClass>WordApplication</ControlClass>
  <ItemName>WordApplication</ItemName>
  <PropertyVal Name="Width">32</PropertyVal>
  <PropertyVal Name="Visible">True</PropertyVal>
  <PropertyVal Name="UserControl">0</PropertyVal>
  <PropertyVal Name="SpecialMode">0</PropertyVal>
  <PropertyVal Name="ShowVisualBasicEditor">0</PropertyVal>
  <PropertyVal Name="ScreenUpdating">0</PropertyVal>
  <PropertyVal Name="PrintPreview">0</PropertyVal>
  <PropertyVal Name="NumLock">0</PropertyVal>
  <PropertyVal Name="MouseAvailable">0</PropertyVal>
  <PropertyVal Name="MathCoprocessorAvailable">0</PropertyVal>
  <PropertyVal Name="MAPIAvailable">0</PropertyVal>
  <PropertyVal Name="Height">32</PropertyVal>
  <PropertyVal Name="FocusInMailHeader">0</PropertyVal>
  <PropertyVal Name="Dummy1">0</PropertyVal>
  <PropertyVal Name="DisplayStatusBar">0</PropertyVal>
  <PropertyVal Name="DisplayScrollBars">0</PropertyVal>
  <PropertyVal Name="DisplayScreenTips">0</PropertyVal>
  <PropertyVal Name="DisplayRecentFiles">0</PropertyVal>
  <PropertyVal Name="DisplayAutoCompleteTips">0</PropertyVal>
  <PropertyVal Name="CheckLanguage">0</PropertyVal>
  <PropertyVal Name="CapsLock">0</PropertyVal>
  <PropertyVal Name="Top">228</PropertyVal>
  <PropertyVal Name="Left">638</PropertyVal>
  <PropertyVal Name="Super">WordApplication</PropertyVal>
  <PropertyVal Name="Index">-2147483648</PropertyVal>
  <PropertyVal Name="Name">WordApplication1</PropertyVal>
  <ControlIndex>45</ControlIndex>
 </Control>
</block>
<block type="Menu" ID="1719917646">
 <ObjName>MenuBar1</ObjName>
 <ObjContainerID>0</ObjContainerID>
 <MenuItem>
  <ItemSpecialMenu>0</ItemSpecialMenu>
  <ItemName>FileMenu</ItemName>
  <ItemText>&amp;File</ItemText>
  <ItemIndex>-2147483648</ItemIndex>
  <ItemShortcut></ItemShortcut>
  <MenuAutoEnable>1</MenuAutoEnable>
  <TextEncoding>134217984</TextEncoding>
  <ItemFlags>0</ItemFlags>
  <Superclass>MenuItem</Superclass>
  <MenuItem>
   <ItemSpecialMenu>0</ItemSpecialMenu>
   <ItemName>FileQuit</ItemName>
   <ItemText>#App.kFileQuit</ItemText>
   <ItemIndex>-2147483648</ItemIndex>
   <ItemShortcut>#App.kFileQuitShortcut</ItemShortcut>
   <MenuShortcut>#App.kFileQuitShortcut</MenuShortcut>
   <MenuAutoEnable>1</MenuAutoEnable>
   <TextEncoding>134217984</TextEncoding>
   <ItemFlags>0</ItemFlags>
   <Superclass>QuitMenuItem</Superclass>
  </MenuItem>
 </MenuItem>
 <MenuItem>
  <ItemSpecialMenu>0</ItemSpecialMenu>
  <ItemName>EditMenu</ItemName>
  <ItemText>&amp;Edit</ItemText>
  <ItemIndex>-2147483648</ItemIndex>
  <ItemShortcut></ItemShortcut>
  <MenuAutoEnable>1</MenuAutoEnable>
  <TextEncoding>134217984</TextEncoding>
  <ItemFlags>0</ItemFlags>
  <Superclass>MenuItem</Superclass>
  <MenuItem>
   <ItemSpecialMenu>0</ItemSpecialMenu>
   <ItemName>EditUndo</ItemName>
   <ItemText>&amp;Undo</ItemText>
   <ItemIndex>-2147483648</ItemIndex>
   <ItemShortcut>Cmd+Z</ItemShortcut>
   <MenuShortcut>Z</MenuShortcut>
   <MenuShortcutModifier>1</MenuShortcutModifier>
   <MenuAutoEnable>1</MenuAutoEnable>
   <TextEncoding>134217984</TextEncoding>
   <ItemFlags>0</ItemFlags>
   <Superclass>MenuItem</Superclass>
  </MenuItem>
  <MenuItem>
   <ItemSpecialMenu>0</ItemSpecialMenu>
   <ItemName></ItemName>
   <ItemText>-</ItemText>
   <ItemIndex>-2147483648</ItemIndex>
   <ItemShortcut></ItemShortcut>
   <MenuAutoEnable>1</MenuAutoEnable>
   <TextEncoding>134217984</TextEncoding>
   <ItemFlags>0</ItemFlags>
   <Superclass>MenuItem</Superclass>
  </MenuItem>
  <MenuItem>
   <ItemSpecialMenu>0</ItemSpecialMenu>
   <ItemName>EditCut</ItemName>
   <ItemText>Cu&amp;t</ItemText>
   <ItemIndex>-2147483648</ItemIndex>
   <ItemShortcut>Cmd+X</ItemShortcut>
   <MenuShortcut>X</MenuShortcut>
   <MenuShortcutModifier>1</MenuShortcutModifier>
   <MenuAutoEnable>1</MenuAutoEnable>
   <TextEncoding>134217984</TextEncoding>
   <ItemFlags>0</ItemFlags>
   <Superclass>MenuItem</Superclass>
  </MenuItem>
  <MenuItem>
   <ItemSpecialMenu>0</ItemSpecialMenu>
   <ItemName>EditCopy</ItemName>
   <ItemText>&amp;Copy</ItemText>
   <ItemIndex>-2147483648</ItemIndex>
   <ItemShortcut>Cmd+C</ItemShortcut>
   <MenuShortcut>C</MenuShortcut>
   <MenuShortcutModifier>1</MenuShortcutModifier>
   <MenuAutoEnable>1</MenuAutoEnable>
   <TextEncoding>134217984</TextEncoding>
   <ItemFlags>0</ItemFlags>
   <Superclass>MenuItem</Superclass>
  </MenuItem>
  <MenuItem>
   <ItemSpecialMenu>0</ItemSpecialMenu>
   <ItemName>EditPaste</ItemName>
   <ItemText>&amp;Paste</ItemText>
   <ItemIndex>-2147483648</ItemIndex>
   <ItemShortcut>Cmd+V</ItemShortcut>
   <MenuShortcut>V</MenuShortcut>
   <MenuShortcutModifier>1</MenuShortcutModifier>
   <MenuAutoEnable>1</MenuAutoEnable>
   <TextEncoding>134217984</TextEncoding>
   <ItemFlags>0</ItemFlags>
   <Superclass>MenuItem</Superclass>
  </MenuItem>
  <MenuItem>
   <ItemSpecialMenu>0</ItemSpecialMenu>
   <ItemName>EditClear</ItemName>
   <ItemText>#App.kEditClear</ItemText>
   <ItemIndex>-2147483648</ItemIndex>
   <ItemShortcut></ItemShortcut>
   <MenuAutoEnable>1</MenuAutoEnable>
   <TextEncoding>134217984</TextEncoding>
   <ItemFlags>0</ItemFlags>
   <Superclass>MenuItem</Superclass>
  </MenuItem>
  <MenuItem>
   <ItemSpecialMenu>0</ItemSpecialMenu>
   <ItemName></ItemName>
   <ItemText>-</ItemText>
   <ItemIndex>-2147483648</ItemIndex>
   <ItemShortcut></ItemShortcut>
   <MenuAutoEnable>1</MenuAutoEnable>
   <TextEncoding>134217984</TextEncoding>
   <ItemFlags>0</ItemFlags>
   <Superclass>MenuItem</Superclass>
  </MenuItem>
  <MenuItem>
   <ItemSpecialMenu>0</ItemSpecialMenu>
   <ItemName>EditSelectAll</ItemName>
   <ItemText>Select &amp;All</ItemText>
   <ItemIndex>-2147483648</ItemIndex>
   <ItemShortcut>Cmd+A</ItemShortcut>
   <MenuShortcut>A</MenuShortcut>
   <MenuShortcutModifier>1</MenuShortcutModifier>
   <MenuAutoEnable>1</MenuAutoEnable>
   <TextEncoding>134217984</TextEncoding>
   <ItemFlags>0</ItemFlags>
   <Superclass>MenuItem</Superclass>
  </MenuItem>
 </MenuItem>
</block>
<block type="Module" ID="1526004508">
 <ObjName>Class1</ObjName>
 <ObjContainerID>0</ObjContainerID>
 <IsClass>1</IsClass>
 <IsInterface>0</IsInterface>
 <Compatibility></Compatibility>
 <MenuHandler>
  <ItemName>Untitled</ItemName>
  <Compatibility></Compatibility>
  <Visible>1</Visible>
  <ItemSource>
   <TextEncoding>134217984</TextEncoding>
   <SourceLine>Function Untitled() As Boolean</SourceLine>
   <SourceLine></SourceLine>
   <SourceLine>End Function</SourceLine>
  </ItemSource>
 </MenuHandler>
 <Method>
  <ItemName>Untitled1</ItemName>
  <Compatibility></Compatibility>
  <Visible>1</Visible>
  <ItemSource>
   <TextEncoding>134217984</TextEncoding>
   <SourceLine>Sub Untitled1()</SourceLine>
   <SourceLine></SourceLine>
   <SourceLine>End Sub</SourceLine>
  </ItemSource>
  <TextEncoding>134217984</TextEncoding>
  <AliasName></AliasName>
  <ItemFlags>0</ItemFlags>
  <IsShared>0</IsShared>
  <ItemParams></ItemParams>
  <ItemResult></ItemResult>
 </Method>
 <Method>
  <ItemName>Untitled4</ItemName>
  <Compatibility></Compatibility>
  <Visible>1</Visible>
  <ItemSource>
   <TextEncoding>134217984</TextEncoding>
   <SourceLine> Shared Sub Untitled4()</SourceLine>
   <SourceLine></SourceLine>
   <SourceLine>End Sub</SourceLine>
  </ItemSource>
  <TextEncoding>134217984</TextEncoding>
  <AliasName></AliasName>
  <ItemFlags>0</ItemFlags>
  <IsShared>1</IsShared>
  <ItemParams></ItemParams>
  <ItemResult></ItemResult>
 </Method>
 <Hook>
  <ItemName>Untitled1</ItemName>
  <TextEncoding>134217984</TextEncoding>
  <ItemFlags>33</ItemFlags>
  <SystemFlags>0</SystemFlags>
  <ItemParams></ItemParams>
  <ItemResult></ItemResult>
 </Hook>
 <Note>
  <ItemName>Untitled1</ItemName>
  <Compatibility></Compatibility>
  <Visible>1</Visible>
  <ItemSource>
   <TextEncoding>134217984</TextEncoding>
   <NoteLine>Untitled1</NoteLine>
   <NoteLine></NoteLine>
   <NoteLine></NoteLine>
  </ItemSource>
  <ItemFlags>0</ItemFlags>
 </Note>
 <Property Flags="0" Compatibility="">Untitled2 As Integer</Property>
 <ComputedProperty Flags="0" Compatibility="">
 <Declaration>Untitled3 As Integer</Declaration>
  <GetAccessor>
  <TextEncoding>134217984</TextEncoding>
  <SourceLine>Get</SourceLine>
  <SourceLine></SourceLine>
  <SourceLine>End Get</SourceLine>
 </GetAccessor>

  <SetAccessor>
  <TextEncoding>134217984</TextEncoding>
  <SourceLine>Set</SourceLine>
  <SourceLine></SourceLine>
  <SourceLine>End Set</SourceLine>
 </SetAccessor>

 </ComputedProperty>
 <Property Flags="0" Compatibility="" Shared="true">Untitled5 As Integer</Property>
 <ComputedProperty Flags="0" Compatibility="" Shared="true">
 <Declaration>Untitled6 As Integer</Declaration>
  <GetAccessor>
  <TextEncoding>134217984</TextEncoding>
  <SourceLine>Get</SourceLine>
  <SourceLine></SourceLine>
  <SourceLine>End Get</SourceLine>
 </GetAccessor>

  <SetAccessor>
  <TextEncoding>134217984</TextEncoding>
  <SourceLine>Set</SourceLine>
  <SourceLine></SourceLine>
  <SourceLine>End Set</SourceLine>
 </SetAccessor>

 </ComputedProperty>
 <ViewBehavior>
  <ViewProperty>
   <ObjName>Name</ObjName>
   <Visible>1</Visible>
   <PropertyGroup>ID</PropertyGroup>
   <InheritsFrom>Object</InheritsFrom>
  </ViewProperty>
  <ViewProperty>
   <ObjName>Index</ObjName>
   <Visible>1</Visible>
   <PropertyGroup>ID</PropertyGroup>
   <PropertyValue>-2147483648</PropertyValue>
   <InheritsFrom>Object</InheritsFrom>
  </ViewProperty>
  <ViewProperty>
   <ObjName>Super</ObjName>
   <Visible>1</Visible>
   <PropertyGroup>ID</PropertyGroup>
   <InheritsFrom>Object</InheritsFrom>
  </ViewProperty>
  <ViewProperty>
   <ObjName>Left</ObjName>
   <Visible>1</Visible>
   <PropertyGroup>Position</PropertyGroup>
   <PropertyValue>0</PropertyValue>
   <InheritsFrom>Object</InheritsFrom>
  </ViewProperty>
  <ViewProperty>
   <ObjName>Top</ObjName>
   <Visible>1</Visible>
   <PropertyGroup>Position</PropertyGroup>
   <PropertyValue>0</PropertyValue>
   <InheritsFrom>Object</InheritsFrom>
  </ViewProperty>
 </ViewBehavior>
 <Constant>
  <TextEncoding>134217984</TextEncoding>
  <ItemName>Untitled</ItemName>
  <ItemType>5</ItemType>
  <ItemDef></ItemDef>
  <ItemFlags>0</ItemFlags>
 </Constant>
</block>
<block type="Module" ID="160586641">
 <ObjName>Module1</ObjName>
 <ObjContainerID>0</ObjContainerID>
 <IsClass>0</IsClass>
 <IsInterface>0</IsInterface>
 <Compatibility></Compatibility>
 <Method>
  <ItemName>Untitled1</ItemName>
  <Compatibility></Compatibility>
  <Visible>1</Visible>
  <ItemSource>
   <TextEncoding>134217984</TextEncoding>
   <SourceLine>Sub Untitled1()</SourceLine>
   <SourceLine></SourceLine>
   <SourceLine>End Sub</SourceLine>
  </ItemSource>
  <TextEncoding>134217984</TextEncoding>
  <AliasName></AliasName>
  <ItemFlags>0</ItemFlags>
  <IsShared>0</IsShared>
  <ItemParams></ItemParams>
  <ItemResult></ItemResult>
 </Method>
 <Note>
  <ItemName>Untitled1</ItemName>
  <Compatibility></Compatibility>
  <Visible>1</Visible>
  <ItemSource>
   <TextEncoding>134217984</TextEncoding>
   <NoteLine>Untitled1</NoteLine>
   <NoteLine></NoteLine>
   <NoteLine></NoteLine>
  </ItemSource>
  <ItemFlags>0</ItemFlags>
 </Note>
 <Note>
  <ItemName>Untitled4</ItemName>
  <Compatibility></Compatibility>
  <Visible>1</Visible>
  <ItemSource>
   <TextEncoding>134217984</TextEncoding>
   <NoteLine>Untitled4</NoteLine>
   <NoteLine></NoteLine>
   <NoteLine></NoteLine>
  </ItemSource>
  <ItemFlags>0</ItemFlags>
 </Note>
 <Property Flags="0" Compatibility="">Untitled2 As Integer</Property>
 <ComputedProperty Flags="0" Compatibility="">
 <Declaration>Untitled3 As Integer</Declaration>
  <GetAccessor>
  <TextEncoding>134217984</TextEncoding>
  <SourceLine>Get</SourceLine>
  <SourceLine></SourceLine>
  <SourceLine>End Get</SourceLine>
 </GetAccessor>

  <SetAccessor>
  <TextEncoding>134217984</TextEncoding>
  <SourceLine>Set</SourceLine>
  <SourceLine></SourceLine>
  <SourceLine>End Set</SourceLine>
 </SetAccessor>

 </ComputedProperty>
 <ViewBehavior>
  <ViewProperty>
   <ObjName>Name</ObjName>
   <Visible>1</Visible>
   <PropertyGroup>ID</PropertyGroup>
   <InheritsFrom>Object</InheritsFrom>
  </ViewProperty>
  <ViewProperty>
   <ObjName>Index</ObjName>
   <Visible>1</Visible>
   <PropertyGroup>ID</PropertyGroup>
   <PropertyValue>-2147483648</PropertyValue>
   <InheritsFrom>Object</InheritsFrom>
  </ViewProperty>
  <ViewProperty>
   <ObjName>Super</ObjName>
   <Visible>1</Visible>
   <PropertyGroup>ID</PropertyGroup>
   <InheritsFrom>Object</InheritsFrom>
  </ViewProperty>
  <ViewProperty>
   <ObjName>Left</ObjName>
   <Visible>1</Visible>
   <PropertyGroup>Position</PropertyGroup>
   <PropertyValue>0</PropertyValue>
   <InheritsFrom>Object</InheritsFrom>
  </ViewProperty>
  <ViewProperty>
   <ObjName>Top</ObjName>
   <Visible>1</Visible>
   <PropertyGroup>Position</PropertyGroup>
   <PropertyValue>0</PropertyValue>
   <InheritsFrom>Object</InheritsFrom>
  </ViewProperty>
 </ViewBehavior>
 <Constant>
  <TextEncoding>134217984</TextEncoding>
  <ItemName>Untitled</ItemName>
  <ItemType>5</ItemType>
  <ItemDef></ItemDef>
  <ItemFlags>0</ItemFlags>
 </Constant>
 <Structure>
  <TextEncoding>134217984</TextEncoding>
  <ItemName>Untitled4</ItemName>
  <ItemFlags>0</ItemFlags>
  <ItemName>Untitled4</ItemName>
  <Compatibility></Compatibility>
  <Visible>1</Visible>
  <ItemSource>
   <TextEncoding>134217984</TextEncoding>
   <SourceLine>fieldName As Type</SourceLine>
   <SourceLine>fieldName As Type2</SourceLine>
  </ItemSource>
 </Structure>
 <Enumeration>
  <TextEncoding>134217984</TextEncoding>
  <ItemName>Untitled4</ItemName>
  <ItemFlags>0</ItemFlags>
  <ItemName>Untitled4</ItemName>
  <Compatibility></Compatibility>
  <Visible>1</Visible>
  <ItemSource>
   <TextEncoding>134217984</TextEncoding>
   <SourceLine>valueName1</SourceLine>
   <SourceLine>valueName2</SourceLine>
  </ItemSource>
 </Enumeration>
</block>
<block type="Folder" ID="1740231461">
 <ObjName>Folder1</ObjName>
 <ObjContainerID>0</ObjContainerID>
</block>
<block type="Window" ID="1490393340">
 <ObjName>ContainerControl1</ObjName>
 <ObjContainerID>0</ObjContainerID>
 <IsClass>1</IsClass>
 <Superclass>ContainerControl</Superclass>
 <IsInterface>0</IsInterface>
 <Compatibility></Compatibility>
 <PropertyVal Name="EraseBackground">True</PropertyVal>
 <PropertyVal Name="AcceptTabs"></PropertyVal>
 <PropertyVal Name="AcceptFocus"></PropertyVal>
 <PropertyVal Name="UseFocusRing"></PropertyVal>
 <PropertyVal Name="HelpTag"></PropertyVal>
 <PropertyVal Name="AutoDeactivate">True</PropertyVal>
 <PropertyVal Name="Enabled">True</PropertyVal>
 <PropertyVal Name="Visible">True</PropertyVal>
 <PropertyVal Name="TabPanelIndex">0</PropertyVal>
 <PropertyVal Name="LockBottom"></PropertyVal>
 <PropertyVal Name="LockRight"></PropertyVal>
 <PropertyVal Name="LockTop"></PropertyVal>
 <PropertyVal Name="LockLeft"></PropertyVal>
 <PropertyVal Name="Height">300</PropertyVal>
 <PropertyVal Name="Width">300</PropertyVal>
 <PropertyVal Name="Top">0</PropertyVal>
 <PropertyVal Name="Left">0</PropertyVal>
 <PropertyVal Name="InitialParent"></PropertyVal>
 <PropertyVal Name="ControlOrder"></PropertyVal>
 <ViewBehavior>
  <ViewProperty>
   <ObjName>Name</ObjName>
   <Visible>1</Visible>
   <PropertyGroup>ID</PropertyGroup>
   <InheritsFrom>ContainerControl</InheritsFrom>
  </ViewProperty>
  <ViewProperty>
   <ObjName>Super</ObjName>
   <Visible>1</Visible>
   <PropertyGroup>ID</PropertyGroup>
   <InheritsFrom>ContainerControl</InheritsFrom>
  </ViewProperty>
  <ViewProperty>
   <ObjName>ControlOrder</ObjName>
   <Visible>1</Visible>
   <PropertyGroup>Position</PropertyGroup>
   <InheritsFrom>ContainerControl</InheritsFrom>
  </ViewProperty>
  <ViewProperty>
   <ObjName>InitialParent</ObjName>
   <PropertyGroup>Position</PropertyGroup>
   <ItemType>String</ItemType>
   <InheritsFrom>ContainerControl</InheritsFrom>
  </ViewProperty>
  <ViewProperty>
   <ObjName>Left</ObjName>
   <Visible>1</Visible>
   <PropertyGroup>Position</PropertyGroup>
   <ItemType>Integer</ItemType>
   <InheritsFrom>ContainerControl</InheritsFrom>
  </ViewProperty>
  <ViewProperty>
   <ObjName>Top</ObjName>
   <Visible>1</Visible>
   <PropertyGroup>Position</PropertyGroup>
   <ItemType>Integer</ItemType>
   <InheritsFrom>ContainerControl</InheritsFrom>
  </ViewProperty>
  <ViewProperty>
   <ObjName>Width</ObjName>
   <Visible>1</Visible>
   <PropertyGroup>Position</PropertyGroup>
   <PropertyValue>300</PropertyValue>
   <ItemType>Integer</ItemType>
   <InheritsFrom>ContainerControl</InheritsFrom>
  </ViewProperty>
  <ViewProperty>
   <ObjName>Height</ObjName>
   <Visible>1</Visible>
   <PropertyGroup>Position</PropertyGroup>
   <PropertyValue>300</PropertyValue>
   <ItemType>Integer</ItemType>
   <InheritsFrom>ContainerControl</InheritsFrom>
  </ViewProperty>
  <ViewProperty>
   <ObjName>LockLeft</ObjName>
   <Visible>1</Visible>
   <PropertyGroup>Position</PropertyGroup>
   <ItemType>Boolean</ItemType>
   <InheritsFrom>ContainerControl</InheritsFrom>
  </ViewProperty>
  <ViewProperty>
   <ObjName>LockTop</ObjName>
   <Visible>1</Visible>
   <PropertyGroup>Position</PropertyGroup>
   <ItemType>Boolean</ItemType>
   <InheritsFrom>ContainerControl</InheritsFrom>
  </ViewProperty>
  <ViewProperty>
   <ObjName>LockRight</ObjName>
   <Visible>1</Visible>
   <PropertyGroup>Position</PropertyGroup>
   <ItemType>Boolean</ItemType>
   <InheritsFrom>ContainerControl</InheritsFrom>
  </ViewProperty>
  <ViewProperty>
   <ObjName>LockBottom</ObjName>
   <Visible>1</Visible>
   <PropertyGroup>Position</PropertyGroup>
   <ItemType>Boolean</ItemType>
   <InheritsFrom>ContainerControl</InheritsFrom>
  </ViewProperty>
  <ViewProperty>
   <ObjName>TabPanelIndex</ObjName>
   <PropertyGroup>Position</PropertyGroup>
   <PropertyValue>0</PropertyValue>
   <ItemType>Integer</ItemType>
   <InheritsFrom>ContainerControl</InheritsFrom>
  </ViewProperty>
  <ViewProperty>
   <ObjName>Visible</ObjName>
   <Visible>1</Visible>
   <PropertyGroup>Appearance</PropertyGroup>
   <PropertyValue>True</PropertyValue>
   <ItemType>Boolean</ItemType>
   <InheritsFrom>ContainerControl</InheritsFrom>
  </ViewProperty>
  <ViewProperty>
   <ObjName>Enabled</ObjName>
   <Visible>1</Visible>
   <PropertyGroup>Appearance</PropertyGroup>
   <PropertyValue>True</PropertyValue>
   <ItemType>Boolean</ItemType>
   <InheritsFrom>ContainerControl</InheritsFrom>
  </ViewProperty>
  <ViewProperty>
   <ObjName>AutoDeactivate</ObjName>
   <Visible>1</Visible>
   <PropertyGroup>Appearance</PropertyGroup>
   <PropertyValue>True</PropertyValue>
   <ItemType>Boolean</ItemType>
   <InheritsFrom>ContainerControl</InheritsFrom>
  </ViewProperty>
  <ViewProperty>
   <ObjName>HelpTag</ObjName>
   <Visible>1</Visible>
   <PropertyGroup>Appearance</PropertyGroup>
   <ItemType>String</ItemType>
   <InheritsFrom>ContainerControl</InheritsFrom>
  </ViewProperty>
  <ViewProperty>
   <ObjName>UseFocusRing</ObjName>
   <Visible>1</Visible>
   <PropertyGroup>Appearance</PropertyGroup>
   <ItemType>Boolean</ItemType>
   <InheritsFrom>ContainerControl</InheritsFrom>
  </ViewProperty>
  <ViewProperty>
   <ObjName>AcceptFocus</ObjName>
   <Visible>1</Visible>
   <PropertyGroup>Behavior</PropertyGroup>
   <ItemType>Boolean</ItemType>
   <InheritsFrom>ContainerControl</InheritsFrom>
  </ViewProperty>
  <ViewProperty>
   <ObjName>AcceptTabs</ObjName>
   <Visible>1</Visible>
   <PropertyGroup>Behavior</PropertyGroup>
   <ItemType>Boolean</ItemType>
   <InheritsFrom>ContainerControl</InheritsFrom>
  </ViewProperty>
  <ViewProperty>
   <ObjName>EraseBackground</ObjName>
   <Visible>1</Visible>
   <PropertyGroup>Behavior</PropertyGroup>
   <PropertyValue>True</PropertyValue>
   <ItemType>Boolean</ItemType>
   <InheritsFrom>ContainerControl</InheritsFrom>
  </ViewProperty>
 </ViewBehavior>
</block>
<block type="Module" ID="1156299087">
 <ObjName>Interface1</ObjName>
 <ObjContainerID>0</ObjContainerID>
 <IsClass>1</IsClass>
 <IsInterface>1</IsInterface>
 <Compatibility></Compatibility>
 <Method>
  <ItemName>Untitled</ItemName>
  <Compatibility></Compatibility>
  <Visible>1</Visible>
  <ItemSource>
   <TextEncoding>134217984</TextEncoding>
   <SourceLine>Sub Untitled()</SourceLine>
   <SourceLine></SourceLine>
   <SourceLine>End Sub</SourceLine>
  </ItemSource>
  <TextEncoding>134217984</TextEncoding>
  <AliasName></AliasName>
  <ItemFlags>0</ItemFlags>
  <IsShared>0</IsShared>
  <ItemParams></ItemParams>
  <ItemResult></ItemResult>
 </Method>
 <Method>
  <ItemName>Untitled1</ItemName>
  <Compatibility></Compatibility>
  <Visible>1</Visible>
  <ItemSource>
   <TextEncoding>134217984</TextEncoding>
   <SourceLine>Sub Untitled1()</SourceLine>
   <SourceLine></SourceLine>
   <SourceLine>End Sub</SourceLine>
  </ItemSource>
  <TextEncoding>134217984</TextEncoding>
  <AliasName></AliasName>
  <ItemFlags>0</ItemFlags>
  <IsShared>0</IsShared>
  <ItemParams></ItemParams>
  <ItemResult></ItemResult>
 </Method>
 <Method>
  <ItemName>Untitled2</ItemName>
  <Compatibility></Compatibility>
  <Visible>1</Visible>
  <ItemSource>
   <TextEncoding>134217984</TextEncoding>
   <SourceLine>Sub Untitled2()</SourceLine>
   <SourceLine></SourceLine>
   <SourceLine>End Sub</SourceLine>
  </ItemSource>
  <TextEncoding>134217984</TextEncoding>
  <AliasName></AliasName>
  <ItemFlags>0</ItemFlags>
  <IsShared>0</IsShared>
  <ItemParams></ItemParams>
  <ItemResult></ItemResult>
 </Method>
 <ViewBehavior>
  <ViewProperty>
   <ObjName>Name</ObjName>
   <Visible>1</Visible>
   <PropertyGroup>ID</PropertyGroup>
   <InheritsFrom>Object</InheritsFrom>
  </ViewProperty>
  <ViewProperty>
   <ObjName>Index</ObjName>
   <Visible>1</Visible>
   <PropertyGroup>ID</PropertyGroup>
   <PropertyValue>-2147483648</PropertyValue>
   <InheritsFrom>Object</InheritsFrom>
  </ViewProperty>
  <ViewProperty>
   <ObjName>Super</ObjName>
   <Visible>1</Visible>
   <PropertyGroup>ID</PropertyGroup>
   <InheritsFrom>Object</InheritsFrom>
  </ViewProperty>
  <ViewProperty>
   <ObjName>Left</ObjName>
   <Visible>1</Visible>
   <PropertyGroup>Position</PropertyGroup>
   <PropertyValue>0</PropertyValue>
   <InheritsFrom>Object</InheritsFrom>
  </ViewProperty>
  <ViewProperty>
   <ObjName>Top</ObjName>
   <Visible>1</Visible>
   <PropertyGroup>Position</PropertyGroup>
   <PropertyValue>0</PropertyValue>
   <InheritsFrom>Object</InheritsFrom>
  </ViewProperty>
 </ViewBehavior>
</block>
<block type="FileTypes" ID="1339250312">
 <ObjName>FileTypes1</ObjName>
 <ObjContainerID>0</ObjContainerID>
 <FileType>
  <ItemName>Untitled</ItemName>
  <MacCreator>????</MacCreator>
  <ItemType>????</ItemType>
  <ItemDef>ext1</ItemDef>
  <ItemFlags>0</ItemFlags>
  <ObjName>Untitled</ObjName>
 </FileType>
</block>
<block type="Module" ID="1003906383">
 <ObjName>subClassofCanvas</ObjName>
 <ObjContainerID>0</ObjContainerID>
 <IsClass>1</IsClass>
 <Superclass>Canvas</Superclass>
 <IsInterface>0</IsInterface>
 <Compatibility></Compatibility>
 <ViewBehavior>
  <ViewProperty>
   <ObjName>Name</ObjName>
   <Visible>1</Visible>
   <PropertyGroup>ID</PropertyGroup>
   <ItemType>String</ItemType>
   <InheritsFrom>Canvas</InheritsFrom>
  </ViewProperty>
  <ViewProperty>
   <ObjName>Index</ObjName>
   <Visible>1</Visible>
   <PropertyGroup>ID</PropertyGroup>
   <ItemType>Integer</ItemType>
   <InheritsFrom>Canvas</InheritsFrom>
  </ViewProperty>
  <ViewProperty>
   <ObjName>Super</ObjName>
   <Visible>1</Visible>
   <PropertyGroup>ID</PropertyGroup>
   <InheritsFrom>Canvas</InheritsFrom>
  </ViewProperty>
  <ViewProperty>
   <ObjName>ControlOrder</ObjName>
   <Visible>1</Visible>
   <PropertyGroup>Position</PropertyGroup>
   <InheritsFrom>Canvas</InheritsFrom>
  </ViewProperty>
  <ViewProperty>
   <ObjName>Left</ObjName>
   <Visible>1</Visible>
   <PropertyGroup>Position</PropertyGroup>
   <ItemType>Integer</ItemType>
   <InheritsFrom>Canvas</InheritsFrom>
  </ViewProperty>
  <ViewProperty>
   <ObjName>Top</ObjName>
   <Visible>1</Visible>
   <PropertyGroup>Position</PropertyGroup>
   <ItemType>Integer</ItemType>
   <InheritsFrom>Canvas</InheritsFrom>
  </ViewProperty>
  <ViewProperty>
   <ObjName>Width</ObjName>
   <Visible>1</Visible>
   <PropertyGroup>Position</PropertyGroup>
   <PropertyValue>100</PropertyValue>
   <ItemType>Integer</ItemType>
   <InheritsFrom>Canvas</InheritsFrom>
  </ViewProperty>
  <ViewProperty>
   <ObjName>Height</ObjName>
   <Visible>1</Visible>
   <PropertyGroup>Position</PropertyGroup>
   <PropertyValue>100</PropertyValue>
   <ItemType>Integer</ItemType>
   <InheritsFrom>Canvas</InheritsFrom>
  </ViewProperty>
  <ViewProperty>
   <ObjName>LockLeft</ObjName>
   <Visible>1</Visible>
   <PropertyGroup>Position</PropertyGroup>
   <ItemType>Boolean</ItemType>
   <InheritsFrom>Canvas</InheritsFrom>
  </ViewProperty>
  <ViewProperty>
   <ObjName>LockTop</ObjName>
   <Visible>1</Visible>
   <PropertyGroup>Position</PropertyGroup>
   <ItemType>Boolean</ItemType>
   <InheritsFrom>Canvas</InheritsFrom>
  </ViewProperty>
  <ViewProperty>
   <ObjName>LockRight</ObjName>
   <Visible>1</Visible>
   <PropertyGroup>Position</PropertyGroup>
   <ItemType>Boolean</ItemType>
   <InheritsFrom>Canvas</InheritsFrom>
  </ViewProperty>
  <ViewProperty>
   <ObjName>LockBottom</ObjName>
   <Visible>1</Visible>
   <PropertyGroup>Position</PropertyGroup>
   <ItemType>Boolean</ItemType>
   <InheritsFrom>Canvas</InheritsFrom>
  </ViewProperty>
  <ViewProperty>
   <ObjName>TabPanelIndex</ObjName>
   <PropertyGroup>Position</PropertyGroup>
   <PropertyValue>0</PropertyValue>
   <ItemType>Integer</ItemType>
   <InheritsFrom>Canvas</InheritsFrom>
  </ViewProperty>
  <ViewProperty>
   <ObjName>Visible</ObjName>
   <Visible>1</Visible>
   <PropertyGroup>Appearance</PropertyGroup>
   <PropertyValue>True</PropertyValue>
   <ItemType>Boolean</ItemType>
   <InheritsFrom>Canvas</InheritsFrom>
  </ViewProperty>
  <ViewProperty>
   <ObjName>HelpTag</ObjName>
   <Visible>1</Visible>
   <PropertyGroup>Appearance</PropertyGroup>
   <ItemType>String</ItemType>
   <EditorType>MultiLineEditor</EditorType>
   <InheritsFrom>Canvas</InheritsFrom>
  </ViewProperty>
  <ViewProperty>
   <ObjName>AutoDeactivate</ObjName>
   <Visible>1</Visible>
   <PropertyGroup>Appearance</PropertyGroup>
   <PropertyValue>True</PropertyValue>
   <ItemType>Boolean</ItemType>
   <InheritsFrom>Canvas</InheritsFrom>
  </ViewProperty>
  <ViewProperty>
   <ObjName>Enabled</ObjName>
   <Visible>1</Visible>
   <PropertyGroup>Appearance</PropertyGroup>
   <PropertyValue>True</PropertyValue>
   <ItemType>Boolean</ItemType>
   <InheritsFrom>Canvas</InheritsFrom>
  </ViewProperty>
  <ViewProperty>
   <ObjName>UseFocusRing</ObjName>
   <Visible>1</Visible>
   <PropertyGroup>Appearance</PropertyGroup>
   <PropertyValue>True</PropertyValue>
   <ItemType>Boolean</ItemType>
   <InheritsFrom>Canvas</InheritsFrom>
  </ViewProperty>
  <ViewProperty>
   <ObjName>Backdrop</ObjName>
   <Visible>1</Visible>
   <PropertyGroup>Appearance</PropertyGroup>
   <ItemType>Picture</ItemType>
   <EditorType>Picture</EditorType>
   <InheritsFrom>Canvas</InheritsFrom>
  </ViewProperty>
  <ViewProperty>
   <ObjName>AcceptFocus</ObjName>
   <Visible>1</Visible>
   <PropertyGroup>Behavior</PropertyGroup>
   <ItemType>Boolean</ItemType>
   <InheritsFrom>Canvas</InheritsFrom>
  </ViewProperty>
  <ViewProperty>
   <ObjName>AcceptTabs</ObjName>
   <Visible>1</Visible>
   <PropertyGroup>Behavior</PropertyGroup>
   <ItemType>Boolean</ItemType>
   <InheritsFrom>Canvas</InheritsFrom>
  </ViewProperty>
  <ViewProperty>
   <ObjName>EraseBackground</ObjName>
   <Visible>1</Visible>
   <PropertyGroup>Behavior</PropertyGroup>
   <PropertyValue>True</PropertyValue>
   <ItemType>Boolean</ItemType>
   <InheritsFrom>Canvas</InheritsFrom>
  </ViewProperty>
  <ViewProperty>
   <ObjName>InitialParent</ObjName>
   <InheritsFrom>Canvas</InheritsFrom>
  </ViewProperty>
 </ViewBehavior>
</block>
<block type="UIState" ID="0">
 <WindowState>
  <OpenTab>
   <ObjContainerID>0</ObjContainerID>
   <EditSplit>280</EditSplit>
  </OpenTab>
  <LastLocation>(Home)</LastLocation>
  <EditBounds><Rect left="10" top="50" width="1309" height="800"/></EditBounds>
 </WindowState>
</block>
</RBProject>
