<?xml version="1.0"?>
<RBProject version="2007r5">
<block type="Project" ID="0">
 <ProjectSavedInVers>2007.05</ProjectSavedInVers>
 <ProjMgrUser></ProjMgrUser>
 <ProjMgrServer></ProjMgrServer>
 <MajorVersion>1</MajorVersion>
 <MinorVersion>0</MinorVersion>
 <SubVersion>0</SubVersion>
 <Release>0</Release>
 <NonRelease>0</NonRelease>
 <Region></Region>
 <ShortVersion></ShortVersion>
 <LongVersion></LongVersion>
 <InfoVersion></InfoVersion>
 <AutoIncVersion>0</AutoIncVersion>
 <DefaultViewID>0</DefaultViewID>
 <ProjectType>0</ProjectType>
 <DefaultLanguage>0</DefaultLanguage>
 <CurrentLanguage>0</CurrentLanguage>
 <DefaultEncoding>0</DefaultEncoding>
 <BuildFlags>0</BuildFlags>
 <Icon>
 </Icon>
 <MacCreator></MacCreator>
 <BuildMacName>My Application (Classic)</BuildMacName>
 <BuildCarbonName>My Application</BuildCarbonName>
 <BuildCarbonMachOName>My Application</BuildCarbonMachOName>
 <BundleIdentifier></BundleIdentifier>
 <BuildSize>0</BuildSize>
 <BuildMinSize>0</BuildMinSize>
 <BuildSizeAsString></BuildSizeAsString>
 <BuildMinSizeAsString></BuildMinSizeAsString>
 <WinMDICaption></WinMDICaption>
 <BuildWinName>My Application.exe</BuildWinName>
 <BuildWinMDI>0</BuildWinMDI>
 <BuildWinCompanyName></BuildWinCompanyName>
 <BuildWinProductName></BuildWinProductName>
 <BuildWinInternalName></BuildWinInternalName>
 <BuildLinuxX86Name>MyApplication</BuildLinuxX86Name>
 <DebuggerCommandLine></DebuggerCommandLine>
</block>
<block type="Module" ID="1456951319">
 <ObjName>Class1</ObjName>
 <ObjContainerID>0</ObjContainerID>
 <IsClass>1</IsClass>
 <ItemFlags>1</ItemFlags>
 <IsInterface>0</IsInterface>
 <Compatibility></Compatibility>
 <Property Flags="0" Compatibility="" Shared="true">Untitled As Integer</Property>
 <ViewBehavior>
  <ViewProperty>
   <ObjName>Name</ObjName>
   <Visible>1</Visible>
   <PropertyGroup>ID</PropertyGroup>
   <InheritsFrom>Object</InheritsFrom>
  </ViewProperty>
  <ViewProperty>
   <ObjName>Index</ObjName>
   <Visible>1</Visible>
   <PropertyGroup>ID</PropertyGroup>
   <PropertyValue>-2147483648</PropertyValue>
   <InheritsFrom>Object</InheritsFrom>
  </ViewProperty>
  <ViewProperty>
   <ObjName>Super</ObjName>
   <Visible>1</Visible>
   <PropertyGroup>ID</PropertyGroup>
   <InheritsFrom>Object</InheritsFrom>
  </ViewProperty>
  <ViewProperty>
   <ObjName>Left</ObjName>
   <Visible>1</Visible>
   <PropertyGroup>Position</PropertyGroup>
   <PropertyValue>0</PropertyValue>
   <InheritsFrom>Object</InheritsFrom>
  </ViewProperty>
  <ViewProperty>
   <ObjName>Top</ObjName>
   <Visible>1</Visible>
   <PropertyGroup>Position</PropertyGroup>
   <PropertyValue>0</PropertyValue>
   <InheritsFrom>Object</InheritsFrom>
  </ViewProperty>
 </ViewBehavior>
</block>
<block type="Module" ID="2015034471">
 <ObjName>App</ObjName>
 <ObjContainerID>0</ObjContainerID>
 <IsClass>1</IsClass>
 <Superclass>Application</Superclass>
 <ItemFlags>1</ItemFlags>
 <IsInterface>0</IsInterface>
 <IsApplicationObject>1</IsApplicationObject>
 <Compatibility></Compatibility>
 <PropertyVal Name="MenuBar">0</PropertyVal>
 <ViewBehavior>
 </ViewBehavior>
</block>
<block type="UIState" ID="0">
 <WindowState>
  <OpenTab>
   <ObjContainerID>0</ObjContainerID>
   <EditSplit>333</EditSplit>
  </OpenTab>
  <OpenTab>
   <ObjContainerID>1456951319</ObjContainerID>
   <AlternateEditorID>1</AlternateEditorID>
   <LeftSplitter>160</LeftSplitter>
  </OpenTab>
  <LastLocation>(Home)</LastLocation>
  <EditBounds><Rect left="8" top="49" width="1400" height="820"/></EditBounds>
 </WindowState>
</block>
</RBProject>
