<?xml version="1.0"?>
<RBProject version="2007r1">
<block type="Module" ID="1003906383">
 <ObjName>subClassofCanvas</ObjName>
 <ObjContainerID>0</ObjContainerID>
 <IsClass>1</IsClass>
 <Superclass>Canvas</Superclass>
 <IsInterface>0</IsInterface>
 <Compatibility></Compatibility>
 <ViewBehavior>
  <ViewProperty>
   <ObjName>Name</ObjName>
   <Visible>1</Visible>
   <PropertyGroup>ID</PropertyGroup>
   <ItemType>String</ItemType>
   <InheritsFrom>Canvas</InheritsFrom>
  </ViewProperty>
  <ViewProperty>
   <ObjName>Index</ObjName>
   <Visible>1</Visible>
   <PropertyGroup>ID</PropertyGroup>
   <ItemType>Integer</ItemType>
   <InheritsFrom>Canvas</InheritsFrom>
  </ViewProperty>
  <ViewProperty>
   <ObjName>Super</ObjName>
   <Visible>1</Visible>
   <PropertyGroup>ID</PropertyGroup>
   <InheritsFrom>Canvas</InheritsFrom>
  </ViewProperty>
  <ViewProperty>
   <ObjName>ControlOrder</ObjName>
   <Visible>1</Visible>
   <PropertyGroup>Position</PropertyGroup>
   <InheritsFrom>Canvas</InheritsFrom>
  </ViewProperty>
  <ViewProperty>
   <ObjName>Left</ObjName>
   <Visible>1</Visible>
   <PropertyGroup>Position</PropertyGroup>
   <ItemType>Integer</ItemType>
   <InheritsFrom>Canvas</InheritsFrom>
  </ViewProperty>
  <ViewProperty>
   <ObjName>Top</ObjName>
   <Visible>1</Visible>
   <PropertyGroup>Position</PropertyGroup>
   <ItemType>Integer</ItemType>
   <InheritsFrom>Canvas</InheritsFrom>
  </ViewProperty>
  <ViewProperty>
   <ObjName>Width</ObjName>
   <Visible>1</Visible>
   <PropertyGroup>Position</PropertyGroup>
   <PropertyValue>100</PropertyValue>
   <ItemType>Integer</ItemType>
   <InheritsFrom>Canvas</InheritsFrom>
  </ViewProperty>
  <ViewProperty>
   <ObjName>Height</ObjName>
   <Visible>1</Visible>
   <PropertyGroup>Position</PropertyGroup>
   <PropertyValue>100</PropertyValue>
   <ItemType>Integer</ItemType>
   <InheritsFrom>Canvas</InheritsFrom>
  </ViewProperty>
  <ViewProperty>
   <ObjName>LockLeft</ObjName>
   <Visible>1</Visible>
   <PropertyGroup>Position</PropertyGroup>
   <ItemType>Boolean</ItemType>
   <InheritsFrom>Canvas</InheritsFrom>
  </ViewProperty>
  <ViewProperty>
   <ObjName>LockTop</ObjName>
   <Visible>1</Visible>
   <PropertyGroup>Position</PropertyGroup>
   <ItemType>Boolean</ItemType>
   <InheritsFrom>Canvas</InheritsFrom>
  </ViewProperty>
  <ViewProperty>
   <ObjName>LockRight</ObjName>
   <Visible>1</Visible>
   <PropertyGroup>Position</PropertyGroup>
   <ItemType>Boolean</ItemType>
   <InheritsFrom>Canvas</InheritsFrom>
  </ViewProperty>
  <ViewProperty>
   <ObjName>LockBottom</ObjName>
   <Visible>1</Visible>
   <PropertyGroup>Position</PropertyGroup>
   <ItemType>Boolean</ItemType>
   <InheritsFrom>Canvas</InheritsFrom>
  </ViewProperty>
  <ViewProperty>
   <ObjName>TabPanelIndex</ObjName>
   <PropertyGroup>Position</PropertyGroup>
   <PropertyValue>0</PropertyValue>
   <ItemType>Integer</ItemType>
   <InheritsFrom>Canvas</InheritsFrom>
  </ViewProperty>
  <ViewProperty>
   <ObjName>Visible</ObjName>
   <Visible>1</Visible>
   <PropertyGroup>Appearance</PropertyGroup>
   <PropertyValue>True</PropertyValue>
   <ItemType>Boolean</ItemType>
   <InheritsFrom>Canvas</InheritsFrom>
  </ViewProperty>
  <ViewProperty>
   <ObjName>HelpTag</ObjName>
   <Visible>1</Visible>
   <PropertyGroup>Appearance</PropertyGroup>
   <ItemType>String</ItemType>
   <EditorType>MultiLineEditor</EditorType>
   <InheritsFrom>Canvas</InheritsFrom>
  </ViewProperty>
  <ViewProperty>
   <ObjName>AutoDeactivate</ObjName>
   <Visible>1</Visible>
   <PropertyGroup>Appearance</PropertyGroup>
   <PropertyValue>True</PropertyValue>
   <ItemType>Boolean</ItemType>
   <InheritsFrom>Canvas</InheritsFrom>
  </ViewProperty>
  <ViewProperty>
   <ObjName>Enabled</ObjName>
   <Visible>1</Visible>
   <PropertyGroup>Appearance</PropertyGroup>
   <PropertyValue>True</PropertyValue>
   <ItemType>Boolean</ItemType>
   <InheritsFrom>Canvas</InheritsFrom>
  </ViewProperty>
  <ViewProperty>
   <ObjName>UseFocusRing</ObjName>
   <Visible>1</Visible>
   <PropertyGroup>Appearance</PropertyGroup>
   <PropertyValue>True</PropertyValue>
   <ItemType>Boolean</ItemType>
   <InheritsFrom>Canvas</InheritsFrom>
  </ViewProperty>
  <ViewProperty>
   <ObjName>Backdrop</ObjName>
   <Visible>1</Visible>
   <PropertyGroup>Appearance</PropertyGroup>
   <ItemType>Picture</ItemType>
   <EditorType>Picture</EditorType>
   <InheritsFrom>Canvas</InheritsFrom>
  </ViewProperty>
  <ViewProperty>
   <ObjName>AcceptFocus</ObjName>
   <Visible>1</Visible>
   <PropertyGroup>Behavior</PropertyGroup>
   <ItemType>Boolean</ItemType>
   <InheritsFrom>Canvas</InheritsFrom>
  </ViewProperty>
  <ViewProperty>
   <ObjName>AcceptTabs</ObjName>
   <Visible>1</Visible>
   <PropertyGroup>Behavior</PropertyGroup>
   <ItemType>Boolean</ItemType>
   <InheritsFrom>Canvas</InheritsFrom>
  </ViewProperty>
  <ViewProperty>
   <ObjName>EraseBackground</ObjName>
   <Visible>1</Visible>
   <PropertyGroup>Behavior</PropertyGroup>
   <PropertyValue>True</PropertyValue>
   <ItemType>Boolean</ItemType>
   <InheritsFrom>Canvas</InheritsFrom>
  </ViewProperty>
  <ViewProperty>
   <ObjName>InitialParent</ObjName>
   <InheritsFrom>Canvas</InheritsFrom>
  </ViewProperty>
 </ViewBehavior>
</block>
</RBProject>
