<?xml version="1.0" encoding="UTF-8"?><highlightDefinition version="1.2">	<name>VHDL</name>	<blockStartMarker indent="1">^\s*(?:if.+?then\s*(?!.+?)|for|case|when|while|select|architecture|entity|process|function.+?is\s*(?!.+?)|package|component|generate|procedure.+?is\s*(?!.+?)|else|elsif|begin)</blockStartMarker>	<blockEndMarker>^\s*(?:end|wend|next|else|elsif|begin|when)</blockEndMarker>		<symbols caseSensitive="no">		<symbol type="package">			<entryRegEx>^\s*package\s+\w+\s*</entryRegEx>		</symbol>		<symbol type="entity">			<entryRegEx>^\s*entity\s+\w+\s*</entryRegEx>		</symbol>		<symbol type="architecture">			<entryRegEx>^\s*architecture\s+\w+\s*</entryRegEx>		</symbol>		<symbol type="process">			<entryRegEx>^\s*process\s+\w+\s*</entryRegEx>		</symbol>		<symbol type="procedure">			<entryRegEx>^\s*procedure\s+\w+\s*</entryRegEx>		</symbol>		<symbol type="function">			<entryRegEx>^\s*function\s+\w+\s*</entryRegEx>		</symbol>		<symbol type="component">			<entryRegEx>^\s*component\s+\w+\s*</entryRegEx>		</symbol>	</symbols>	<contexts defaultColor="#0" caseSensitive="no">			<highlightContext name="Keywords1" highlightColor="#0000BB" bold="true">			<keywords>				<string>abs</string>				<string>access</string>				<string>after</string>				<string>alias</string>				<string>all</string>				<string>and</string>				<string>architecture</string>				<string>array</string>				<string>assert</string>				<string>attribute</string>				<string>begin</string>				<string>block</string>				<string>body</string>				<string>buffer</string>				<string>bus</string>				<string>case</string>				<string>component</string>				<string>configuration</string>				<string>constant</string>				<string>disconnect</string>				<string>downto</string>				<string>else</string>				<string>elsif</string>				<string>end</string>				<string>entity</string>				<string>exit</string>				<string>file</string>				<string>for</string>				<string>function</string>				<string>generate</string>				<string>generic</string>				<string>group</string>				<string>guarded</string>				<string>if</string>				<string>impure</string>				<string>in</string>				<string>inertial</string>				<string>inout</string>				<string>is</string>				<string>label</string>				<string>library</string>				<string>linkage</string>				<string>literal</string>				<string>loop</string>				<string>map</string>				<string>mod</string>				<string>nand</string>				<string>new</string>				<string>next</string>				<string>nor</string>				<string>not</string>				<string>null</string>				<string>of</string>				<string>on</string>				<string>open</string>				<string>or</string>				<string>others</string>				<string>out</string>				<string>package</string>				<string>port</string>				<string>postponed</string>				<string>procedure</string>				<string>process</string>				<string>pure</string>				<string>range</string>				<string>record</string>				<string>register</string>				<string>reject</string>				<string>rem</string>				<string>report</string>				<string>return</string>				<string>rol</string>				<string>ror</string>				<string>select</string>				<string>severity</string>				<string>signal</string>				<string>shared</string>				<string>sla</string>				<string>sll</string>				<string>sra</string>				<string>srl</string>				<string>subtype</string>				<string>then</string>				<string>to</string>				<string>transport</string>				<string>type</string>				<string>unaffected</string>				<string>units</string>				<string>until</string>				<string>use</string>				<string>variable</string>				<string>wait</string>				<string>when</string>				<string>while</string>				<string>xnor</string>				<string>xor</string>			</keywords>		</highlightContext>		<highlightContext name="Keywords2" highlightColor="#0000BB" bold="true">			<keywords>				<string>`base</string>				<string>`left</string>				<string>`right</string>				<string>`high</string>				<string>`low</string>				<string>`ascending</string>				<string>`image</string>				<string>`value</string>				<string>`pos</string>				<string>`val</string>				<string>`succ</string>				<string>`pred</string>				<string>`leftof</string>				<string>`rightof</string>				<string>`range</string>				<string>`reverse_range</string>				<string>`length</string>				<string>`delayed</string>				<string>`stable</string>				<string>`quiet</string>				<string>`transaction</string>				<string>`event</string>				<string>`last_event</string>				<string>`last_active</string>				<string>`last_value</string>				<string>`driving</string>				<string>`driving_value</string>				<string>`simple_name</string>				<string>`instance_name</string>				<string>`path_name</string>			</keywords>		</highlightContext>		<highlightContext name="Types" highlightColor="#BB00BB" bold="true">			<keywords>				<string>resolved</string>				<string>boolean</string>				<string>string</string>				<string>integer</string>				<string>natural</string>				<string>real</string>				<string>time</string>				<string>std_logic</string>				<string>std_logic_vector</string>				<string>std_ulogic</string>				<string>std_ulogic_vector</string>				<string>bit</string>				<string>bit_vector</string>				<string>signed</string>				<string>unsigned</string>			</keywords>		</highlightContext>				<highlightContext name="Comment" highlightColor="#00AA00" italic = "true">			<startRegEx>--</startRegEx>			<endRegEx>[\n\r]</endRegEx>		</highlightContext>				<highlightContext name="String" highlightColor="#FF0000">			<startRegEx>"</startRegEx>			<endRegEx>[^"\n\r]*["\n\r]</endRegEx>		</highlightContext>				<highlightContext name="Bit" highlightColor="#0000FF">			<entryRegEx>'[UuXx01ZzWwLlHh-]'</entryRegEx>		</highlightContext>		        <highlightContext name="Doubles" highlightColor="#006532">            <entryRegEx>(?&lt;=[^\w\d]|^)(([0-9]+\.[0-9]*)|([0-9]{11,}))(?=[^\w\d]|$)</entryRegEx>        </highlightContext>    	                <highlightContext name="Integers" highlightColor="#326598">            <entryRegEx>(?&lt;=[^\w\d]|^)([0-9]{1,10})(?=[^\w\d]|$)</entryRegEx>        </highlightContext>	</contexts></highlightDefinition>