<?xml version="1.0" encoding="UTF-8"?><highlightDefinition version="1.2">	<name>Yuma</name>	<blockStartMarker indent="1">^\s*&lt;\?yuma|^\s*(&lt;[^!?%/](?!.+?(/&gt;|&lt;/.+?&gt;))|&lt;[!%]--(?!.+?--%?&gt;)|&lt;%[!]?(?!.+?%&gt;))|^\s*(?:if.+?then\s*(?!.+?)|for|while|class|module|select|^\s*(?:protected|private)?\s*(?&lt;!end)\s*(?:sub|function))</blockStartMarker>
	
	<symbols>
		<symbol type="Class">
			<entryRegEx>^\s*class\s+\w+\s*</entryRegEx>
		</symbol>
		<symbol type="Method">
			<entryRegEx>^\s*(?:protected|private)?\s*(?&lt;!end)\s*(?:sub|function).+?\([^\)]*\)\s*(?:as\s*\w+\s*)?</entryRegEx>
		</symbol>
		<symbol type="Module">
			<entryRegEx>^\s*module\s+\w+\s*</entryRegEx>
		</symbol>		
	</symbols>
		<blockEndMarker>^\s*\?&gt;|^\s*(&lt;/[^&gt;]+&gt;|[/%]&gt;|--&gt;)\s*$|^\s*(?:end|wend|next)</blockEndMarker>	<contexts defaultColor="#0" caseSensitive="no">		<highlightContext name="Yuma" highlightColor="#0">			<startRegEx>&lt;\?yuma</startRegEx>			<endRegEx>\?&gt;</endRegEx>			<highlightContext name="yuma open tag" highlightColor="#FF0000" backgroundColor="#FFFF00" italic="true">				<entryRegEx>(&lt;\?yuma)</entryRegEx>			</highlightContext>			<highlightContext name="yuma close tag" highlightColor="#FF0000" backgroundColor="#FFFF00" italic="true">				<entryRegEx>(\?&gt;)</entryRegEx>			</highlightContext>			<highlightContext name="Doubles in Yuma" highlightColor="#6532">				<entryRegEx>(?&lt;=[^\w\d]|^)(([0-9]+\.[0-9]*)|([0-9]{11,}))(?=[^\w\d]|$)</entryRegEx>			</highlightContext>			<highlightContext name="Integers in Yuma" highlightColor="#326598">				<entryRegEx>(?&lt;=[^\w\d]|^)([0-9]{1,10})(?=[^\w\d]|$)</entryRegEx>			</highlightContext>			<highlightContext name="PreProcessor in Yuma" highlightColor="#FF">				<entryRegEx>(#\w+)</entryRegEx>			</highlightContext>			<highlightContext name="Comment in Yuma" highlightColor="#7F0000" italic="true">				<startRegEx>'</startRegEx>				<endRegEx>[\n\r]</endRegEx>			</highlightContext>			<highlightContext name="C-Comment in Yuma" highlightColor="#7F0000" italic="true">				<startRegEx>//</startRegEx>				<endRegEx>[\n\r]</endRegEx>			</highlightContext>			<highlightContext name="String in Yuma" highlightColor="#6500FE">				<startRegEx>"</startRegEx>				<endRegEx>[^"\n\r]*["\n\r]</endRegEx>			</highlightContext>			<highlightContext name="Keywords in Yuma" highlightColor="#FF" bold="true">				<keywords>					<string>And</string>					<string>Loop</string>					<string>Array</string>					<string>Me</string>					<string>As</string>					<string>Mod</string>					<string>Boolean</string>					<string>Module</string>					<string>ByRef</string>					<string>Namespace</string>					<string>ByVal</string>					<string>New</string>					<string>Call</string>					<string>Next</string>					<string>Case</string>					<string>Nil</string>					<string>Catch</string>					<string>Not</string>					<string>Class</string>					<string>Object</string>					<string>Color</string>					<string>Of</string>					<string>Const</string>					<string>Or</string>					<string>DebugPrint</string>					<string>Private</string>					<string>Declare</string>					<string>Protected</string>					<string>Dim</string>					<string>Public</string>					<string>Do</string>					<string>Raise</string>					<string>Double</string>					<string>Redim</string>					<string>Downto</string>					<string>Rem</string>					<string>Each</string>					<string>Return</string>					<string>Else</string>					<string>Return</string>					<string>ElseIf</string>					<string>Select</string>					<string>End</string>					<string>Self</string>					<string>Event</string>					<string>Shared</string>					<string>Exception</string>					<string>Single</string>					<string>Exit</string>					<string>Static</string>					<string>False</string>					<string>Step</string>					<string>Finally</string>					<string>String</string>					<string>For</string>					<string>Sub</string>					<string>Function</string>					<string>Then</string>					<string>GoTo</string>					<string>To</string>					<string>Handles</string>					<string>True</string>					<string>If</string>					<string>Try</string>					<string>Implements</string>					<string>Until</string>					<string>In</string>					<string>Wend</string>					<string>Inherits</string>					<string>While</string>					<string>Inline68K</string>					<string>#bad</string>					<string>Integer</string>					<string>#else</string>					<string>Interface</string>					<string>#endif</string>					<string>Isa</string>					<string>#if</string>					<string>Lib</string>					<string>#pragma</string>				</keywords>			</highlightContext>		</highlightContext>		<highlightContext name="Comment" highlightColor="#236E25" italic="true">			<startRegEx>&lt;!--</startRegEx>			<endRegEx>--&gt;</endRegEx>			<highlightContext name="todos" highlightColor="#FF0000" bold="true">				<keywords>					<string>TODO</string>					<string>HACK</string>				</keywords>			</highlightContext>		</highlightContext>		<highlightContext name="CDATA" highlightColor="#FF0000">			<startRegEx>&lt;!\s*\[CDATA\s*\[</startRegEx>			<endRegEx>\]\s*\]\s*&gt;</endRegEx>		</highlightContext>		<highlightContext name="Doctype" highlightColor="#236E25">			<startRegEx>&lt;!</startRegEx>			<endRegEx>&gt;</endRegEx>		</highlightContext>		<highlightContext name="Escape" highlightColor="#236E25">			<startRegEx>&lt;\?</startRegEx>			<endRegEx>\?&gt;</endRegEx>		</highlightContext>		<highlightContext name="Tags" highlightColor="#881280">			<entryRegEx>(&lt;[^&gt;]*&gt;)</entryRegEx>			<highlightContext name="Strings in Tags" highlightColor="#1A1AA6">				<entryRegEx>("[^"&gt;&lt;]*")</entryRegEx>			</highlightContext>			<highlightContext name="Single Strings in Tags" highlightColor="#1A1AA6">				<entryRegEx>('[^'&gt;&lt;]*')</entryRegEx>			</highlightContext>			<highlightContext name="Attributes in Tags" highlightColor="#994500">				<entryRegEx>([\w-]*)[ \t]*=(?=[ \t]*"[^"&gt;&lt;]*")</entryRegEx>			</highlightContext>		</highlightContext>		<highlightContext name="Entities" highlightColor="#881280">			<entryRegEx>(&amp;\w{1,8};)</entryRegEx>		</highlightContext>	</contexts></highlightDefinition>