{
  "name": "StandardPaths",
  "version": "1.6.5",
  "summary": "Category on NSFileManager for simple consistent access to standard application directories.",
  "description": "StandardPaths is a category on NSFileManager for simplifying access to standard application directories on iOS and Mac OS and abstracting the iCloud backup flags on iOS. It also provides support for working with device-specific file suffixes, such as the @2x suffix for Retina displays, or the -568h suffix for iPhone 5 and can optionally swizzle certain UIKit methods to support these suffixes more consistently.",
  "homepage": "https://github.com/nicklockwood/StandardPaths",
  "authors": {
    "Nick Lockwood": "http://charcoaldesign.co.uk/"
  },
  "source": {
    "git": "https://github.com/nicklockwood/StandardPaths.git",
    "tag": "1.6.5"
  },
  "source_files": "StandardPaths/StandardPaths.{h,m}",
  "license": {
    "type": "Zlib License",
    "file": "LICENCE.md"
  },
  "requires_arc": true,
  "platforms": {
    "ios": "4.3",
    "osx": "10.6",
    "tvos": "9.0"
  }
}
