<?xml version="1.0" encoding="UTF-8"?>
<DocSetNodes version="1.0">
  <TOC>
    <Node>
      <Name>Root</Name>
      <Path>index.html</Path>
      <Subnodes>
       <Node>
        <Name>Class List</Name>
        <Path>annotated.html</Path>
        <Subnodes>
         <Node>
          <Name>MutableOrderedDictionary</Name>
          <Path>interface_mutable_ordered_dictionary.html</Path>
         </Node>
         <Node>
          <Name>OrderedDictionary</Name>
          <Path>interface_ordered_dictionary.html</Path>
         </Node>
         <Node>
          <Name>OrderedMutableDictionary</Name>
          <Path>interface_ordered_mutable_dictionary.html</Path>
         </Node>
        </Subnodes>
       </Node>
       <Node>
        <Name>Class Hierarchy</Name>
        <Path>hierarchy.html</Path>
        <Subnodes>
         <Node>
          <Name>OrderedDictionary</Name>
          <Path>interface_ordered_dictionary.html</Path>
          <Subnodes>
           <Node>
            <Name>MutableOrderedDictionary</Name>
            <Path>interface_mutable_ordered_dictionary.html</Path>
           </Node>
          </Subnodes>
         </Node>
         <Node>
          <Name>OrderedMutableDictionary</Name>
          <Path>interface_ordered_mutable_dictionary.html</Path>
         </Node>
        </Subnodes>
       </Node>
       <Node>
        <Name>Class Members</Name>
        <Path>functions.html</Path>
       </Node>
       <Node>
        <Name>File List</Name>
        <Path>files.html</Path>
        <Subnodes>
        </Subnodes>
       </Node>
      </Subnodes>
    </Node>
  </TOC>
</DocSetNodes>
