<?xml version="1.0" encoding="UTF-8"?>
<Tokens version="1.0">
  <Token>
    <TokenIdentifier>
      <Name>insertObject:forKey:atIndex:</Name>
      <APILanguage>occ</APILanguage>
      <Type>instm</Type>
    </TokenIdentifier>
    <Path>interface_mutable_ordered_dictionary.html</Path>
    <Anchor>af5900efefcb8c468f0908b6686cba45e</Anchor>
  </Token>
  <Token>
    <TokenIdentifier>
      <Name>removeObjectAtIndex:</Name>
      <APILanguage>occ</APILanguage>
      <Type>instm</Type>
    </TokenIdentifier>
    <Path>interface_mutable_ordered_dictionary.html</Path>
    <Anchor>a613d630f2b2c074c3fc9093c739e8dfa</Anchor>
  </Token>
  <Token>
    <TokenIdentifier>
      <Name>keyAtIndex:</Name>
      <APILanguage>occ</APILanguage>
      <Type>instm</Type>
    </TokenIdentifier>
    <Path>interface_ordered_dictionary.html</Path>
    <Anchor>a2857ad1ef4e9978f192c33055aa36198</Anchor>
  </Token>
  <Token>
    <TokenIdentifier>
      <Name>objectAtIndex:</Name>
      <APILanguage>occ</APILanguage>
      <Type>instm</Type>
    </TokenIdentifier>
    <Path>interface_ordered_dictionary.html</Path>
    <Anchor>ad8871f63d49aab7201aa34544f45f754</Anchor>
  </Token>
  <Token>
    <TokenIdentifier>
      <Name>reverseKeyEnumerator</Name>
      <APILanguage>occ</APILanguage>
      <Type>instm</Type>
    </TokenIdentifier>
    <Path>interface_ordered_dictionary.html</Path>
    <Anchor>a1662f65c6613cfafff5da50ee3364f0a</Anchor>
  </Token>
  <Token>
    <TokenIdentifier>
      <Name>reverseObjectEnumerator</Name>
      <APILanguage>occ</APILanguage>
      <Type>instm</Type>
    </TokenIdentifier>
    <Path>interface_ordered_dictionary.html</Path>
    <Anchor>a3019d82b4b260b41cabbf538926ecf2a</Anchor>
  </Token>
  <Token>
    <TokenIdentifier>
      <Name>keyAtIndex:</Name>
      <APILanguage>occ</APILanguage>
      <Type>instm</Type>
    </TokenIdentifier>
    <Path>interface_ordered_mutable_dictionary.html</Path>
    <Anchor>a4c0e8bd9280ed7df196641e9fef5d202</Anchor>
  </Token>
  <Token>
    <TokenIdentifier>
      <Name>objectAtIndex:</Name>
      <APILanguage>occ</APILanguage>
      <Type>instm</Type>
    </TokenIdentifier>
    <Path>interface_ordered_mutable_dictionary.html</Path>
    <Anchor>a0e67308b2bd3c1dc052adaf456727352</Anchor>
  </Token>
  <Token>
    <TokenIdentifier>
      <Name>reverseKeyEnumerator</Name>
      <APILanguage>occ</APILanguage>
      <Type>instm</Type>
    </TokenIdentifier>
    <Path>interface_ordered_mutable_dictionary.html</Path>
    <Anchor>ab81ff1b6fe0c671b1dbda30d425a31cd</Anchor>
  </Token>
  <Token>
    <TokenIdentifier>
      <Name>reverseObjectEnumerator</Name>
      <APILanguage>occ</APILanguage>
      <Type>instm</Type>
    </TokenIdentifier>
    <Path>interface_ordered_mutable_dictionary.html</Path>
    <Anchor>a8424730377bd2c05354a099600ae739f</Anchor>
  </Token>
  <Token>
    <TokenIdentifier>
      <Name>insertObject:forKey:atIndex:</Name>
      <APILanguage>occ</APILanguage>
      <Type>instm</Type>
    </TokenIdentifier>
    <Path>interface_ordered_mutable_dictionary.html</Path>
    <Anchor>a755e3f9515d1aa993b9fe9926b99ea8a</Anchor>
  </Token>
  <Token>
    <TokenIdentifier>
      <Name>removeObjectAtIndex:</Name>
      <APILanguage>occ</APILanguage>
      <Type>instm</Type>
    </TokenIdentifier>
    <Path>interface_ordered_mutable_dictionary.html</Path>
    <Anchor>a3015ee3a21d2d685bf497eb9f712e5dd</Anchor>
  </Token>
</Tokens>
